이름,우편번호,주소,주소상세,전화번호,이메일
우현주,05566,충청남도 수원시 권선구 서초대로 538-11,정호박타운 D동 717호,064-703-1533,coeseongjin@example.com
이정순,15959,대전광역시 성동구 개포8거리 695-42,우진최빌라,017-197-1457,jinminseo@example.net
윤지원,43551,인천광역시 양천구 잠실1로 46 (옥자이면),은서류김마을 O동 744호,042-907-2708,isiu@example.com
이혜진,80638,강원도 동해시 가락9거리 668,서연김타운 485호,018-201-6278,jihyebae@example.org
장건우,82309,대구광역시 남구 역삼로 지하905 (미영이동),민준서김타운 491호,011-738-6239,minjiseo@example.com
이우진,45091,경상북도 성남시 분당구 반포대거리 지하320 (준서김윤리),예은김빌라 614호,062-600-0962,sumin90@example.org
김은경,26496,강원도 파주시 양재천19가 650 (유진오손면),성현박이빌라 Y동 485호,051-273-9286,jangyunseo@example.net
이현정,08500,경상북도 남양주시 양재천길 362 (춘자김양읍),지은양아파트 252호,052-834-2904,agim@example.org
오승민,87129,부산광역시 동구 백제고분4길 146 (옥순남동),지연이연립,033-416-1136,pgim@example.org
강아름,63178,충청북도 고양시 일산동구 양재천거리 908 (은지박마을),지훈김강마을 588호,016-401-8416,sunja70@example.org
이영호,16519,경기도 공주시 테헤란9거리 565-91 (승현김윤마을),하은임박마을 I동 733호,042-349-4072,myeongsug24@example.org
황도현,31170,경기도 부여군 선릉59길 911-86,예원노황마을 라동 462호,054-059-7302,seoyeonhan@example.com
이성훈,06294,대구광역시 강북구 개포6길 827-8,서현양타워 757호,032-614-5549,gimyeongsu@example.com
김진우,80811,세종특별자치시 은평구 영동대83로 321-96,영길김타운 706호,032-653-6716,seohyeon85@example.com
이경수,08930,충청북도 청주시 흥덕구 반포대거리 951,은영류우마을 546호,031-863-3252,gweongyeongja@example.com
허현준,76427,광주광역시 성동구 잠실2거리 877 (정희이면),영자이타워 403호,02-3381-4561,siu50@example.com
김영철,76983,경기도 계룡시 반포대358가 532,정자박김타운 E동 679호,033-566-7579,jmun@example.net
주하은,70260,대구광역시 광진구 언주거리 427-29,정남오윤아파트 X동 531호,018-854-5868,yeongilcoe@example.com
김지훈,10635,경상남도 하남시 개포90길 851-4 (종수허면),영환김김연립 Y동 683호,031-507-5145,gimseohyeon@example.com
오영길,27046,대전광역시 중구 선릉길 898 (정식권노동),정자최아파트 970호,033-302-8804,yeongho11@example.com
하상훈,73913,대구광역시 동작구 잠실로 94 (영미김허마을),정자양김마을,051-039-9706,gyeonghyigang@example.com
장재호,92566,전라북도 남양주시 삼성길 749-57,상호이송아파트 715호,041-908-2203,jia39@example.com
김수빈,75517,경기도 의왕시 서초중앙2로 지하876,영순김김아파트,051-547-7282,sugja66@example.net
이미경,70369,경기도 괴산군 학동길 734-79 (승민윤박마을),지후이허빌라 E동 979호,010-9549-3649,ngim@example.net
한영희,82305,부산광역시 강서구 도산대6거리 79 (예원김마을),진호손이빌라,044-053-0450,eunjigim@example.org
이성수,01815,인천광역시 강서구 반포대01가 지하879,민서이박연립,02-0502-7134,isujin@example.com
이승민,36031,경기도 과천시 서초중앙2길 992,정호전김연립 840호,016-371-4722,jihyeonjo@example.org
박영환,23008,울산광역시 노원구 백제고분74거리 459,진호김이빌라 971호,053-274-8986,gyeongsug28@example.org
이경수,12584,경상남도 고양시 일산서구 서초중앙길 116,정희김연립 L동 787호,010-6200-6425,oji@example.com
전중수,19337,전라남도 양주시 가락807가 128 (성현홍박면),선영송김연립 Z동 243호,052-125-2481,ghong@example.org
조수민,46977,전라남도 홍천군 반포대거리 594,옥자오김연립 G동 366호,018-603-9051,seoyeoncoe@example.org
김승민,01471,대구광역시 은평구 영동대89로 지하864 (은주이리),수진박마을 C동 351호,062-534-0445,gimhyeonju@example.com
양현주,06337,전라남도 안양시 도산대52로 287 (정자진이면),은영김타운,031-230-3453,jinugim@example.com
노서윤,99764,경기도 횡성군 양재천길 968-54,춘자구이타워,017-925-5888,eunseo35@example.org
양영희,74269,부산광역시 강동구 논현로 168,미영구아파트 G동 032호,019-059-3014,jieun80@example.com
이준서,41189,광주광역시 중구 논현703로 271-82,현지최타운 264호,011-447-1133,vgim@example.org
주옥자,59595,전라북도 성남시 수정구 서초중앙636거리 225-49,지아이김타운 958호,044-127-4024,jeoneungyeong@example.net
김영길,65925,강원도 남양주시 잠실길 963-72,은영지아파트 618호,070-5740-2249,gimdoyun@example.net
김영식,96013,경상북도 양주시 테헤란가 522-69 (영호진마을),건우박연립 N동 999호,033-702-7952,knam@example.net
박민석,78363,전라남도 단양군 서초대로 지하893,영일유김타워,041-417-7917,minjaeyun@example.com
김중수,97769,광주광역시 광진구 서초중앙13거리 908-31,은지김최마을 543호,041-112-3152,ujinjo@example.org
김지현,49305,광주광역시 서초구 논현317길 616-67,윤서이연립,011-308-5664,yujin48@example.org
장지민,52058,대구광역시 금천구 반포대가 589 (진우차김읍),숙자주마을 J동 621호,032-197-9510,caeweon01@example.net
김지은,31277,서울특별시 광진구 테헤란1로 354,영희박아파트 Y동 524호,018-460-6376,jiacoe@example.org
고도윤,20236,대전광역시 용산구 언주39거리 743-69 (준서손백읍),지후이타운 186호,061-807-6381,yeonghwangim@example.com
배하윤,92046,강원도 시흥시 강남대572거리 242,진우권서아파트,011-698-0067,yeongsig47@example.net
오숙자,12531,대구광역시 용산구 봉은사길 882-8 (지민정읍),예원박빌라 931호,064-745-5908,dohyeon00@example.net
노동현,79002,인천광역시 구로구 석촌호수954로 833 (순옥윤이읍),혜진김이아파트,043-240-4602,hayunseo@example.net
홍정숙,52968,전라북도 증평군 역삼357로 228-26 (성수오권동),춘자배김빌라 821호,017-814-2069,seungminbag@example.com
김정호,99361,세종특별자치시 광진구 영동대길 805-56,지연김타워 874호,011-822-8765,jeongsigbag@example.com
김정순,29600,세종특별자치시 도봉구 오금로 231-89 (미숙박김면),정수황류빌라 707호,033-624-5384,jeonghoi@example.net
이지연,14665,경기도 남양주시 영동대594가 648 (혜진김읍),상철심김마을 O동 836호,053-815-6576,fgim@example.net
이옥순,75772,광주광역시 중랑구 오금95로 628,명자김타워 L동 860호,019-851-7410,yeweon26@example.com
김미정,83434,경상북도 화천군 영동대거리 925-90 (정순이박동),정숙류최아파트 55동 741호,041-055-8141,donghyeonseo@example.com
김상호,47464,제주특별자치도 청주시 상당구 역삼길 676-22,정남김최아파트,052-187-1644,ucoe@example.com
박서준,08080,충청남도 서산시 학동274가 34,승민김빌라,053-040-9418,minseog59@example.com
이은지,59813,제주특별자치도 제천시 석촌호수가 321 (지훈김정동),예원박타워 D동 335호,042-147-7396,sgim@example.com
김영숙,65303,울산광역시 서대문구 삼성60가 735,병철김아파트 라동 090호,011-737-1463,seojun96@example.org
김건우,71998,경기도 의왕시 반포대거리 146-82 (준영홍김읍),건우김차마을 G동 297호,052-556-4746,angyeonghyi@example.org
백서준,26869,충청북도 부천시 소사구 오금004거리 910-76 (민재장민읍),진우김마을,053-059-5393,io@example.org
최성호,03512,경기도 천안시 서북구 오금거리 669-91,현숙이박연립 728호,052-281-3679,jiu04@example.com
윤지후,43383,광주광역시 북구 백제고분188가 233-55 (경숙남박마을),경숙진박빌라 801호,018-913-7913,simseungmin@example.net
김영식,42589,울산광역시 양천구 오금853가 237 (지원나김면),채원김박타운 860호,033-223-1756,jia67@example.net
차민지,92461,충청북도 영월군 논현75가 지하842 (채원김이면),혜진강빌라 Z동 644호,063-475-1264,cunja00@example.org
김준서,09260,경상북도 수원시 팔달구 잠실로 44-82,현지이김연립 I동 360호,064-723-0932,ogja49@example.net
양하윤,37292,부산광역시 구로구 선릉9가 61-48,하은윤타운,031-222-0100,jeonghogim@example.org
최은정,65746,강원도 안양시 동안구 서초대8로 525,영희김연립 055호,063-440-7517,boramim@example.com
박서윤,62394,울산광역시 광진구 강남대02길 547,광수이빌라 R동 731호,011-062-3110,iogsun@example.org
안정수,87769,대전광역시 마포구 개포9길 991 (우진서김리),성민박김타워 870호,044-085-7073,junhyeog14@example.com
이주원,08508,울산광역시 영등포구 백제고분거리 347-6,정호이김마을,044-955-3057,eunyeonggim@example.com
이현주,00839,광주광역시 동대문구 논현90거리 803,상훈김타운 080호,044-191-9835,gimdoyun@example.com
주현지,43163,울산광역시 마포구 테헤란가 971-49,미영민최마을 828호,032-252-4634,minseo26@example.net
이진호,93236,충청남도 파주시 양재천0로 23 (정웅김면),지혜성박연립 17동 255호,054-454-5908,ogjai@example.org
최재호,39158,울산광역시 양천구 봉은사길 지하996 (우진양마을),정웅김엄빌라,054-834-9511,junhyeogcoe@example.net
장혜진,73652,경상남도 동두천시 개포590길 지하746,준호김마을 L동 221호,052-962-6270,seoyeonbag@example.net
윤지아,01726,대구광역시 강동구 학동가 177 (재현이김동),상철김김연립 428호,070-5474-6960,nbag@example.org
윤진호,17563,전라북도 양양군 논현86길 572-94,정순최김타워,054-434-7012,yyun@example.com
이미경,20283,광주광역시 노원구 백제고분61길 191-51 (영자권이면),순자박아파트 X동 915호,052-562-0346,xi@example.com
김옥순,30212,대전광역시 강동구 서초대가 630-42,정웅박이빌라,070-0466-8144,bha@example.net
이준서,97446,경상남도 청주시 청원구 언주가 261,정숙강빌라 306호,016-641-1623,hanhaeun@example.net
류명숙,30745,세종특별자치시 서구 반포대74거리 670-64,정웅김이타운,010-1934-1686,hyeonu65@example.net
김예진,77043,경상북도 동해시 삼성32거리 83-52,민석이타운 F동 510호,052-555-2550,seonghyeonhan@example.org
김승민,29833,인천광역시 송파구 도산대길 641 (미정김면),시우김타워 마동 239호,019-726-8373,ajin@example.com
김민지,97648,대전광역시 양천구 강남대로 548-6,은정최이빌라 Y동 866호,017-286-2428,goseongjin@example.com
손정순,49580,전라북도 군포시 봉은사거리 648-52 (지혜김마을),정식진타워,041-023-4712,yangdonghyeon@example.org
구서윤,18012,대구광역시 구로구 학동로 988-84,예은백최타운 764호,044-591-9323,gimminjun@example.net
장유진,66032,부산광역시 성북구 백제고분9가 232-65 (예지김나동),민재황김마을,019-288-4468,yeji39@example.org
윤옥자,25812,인천광역시 강서구 강남대8길 434 (예진김이리),재호배이타운 T동 275호,010-0312-2842,junhogim@example.net
오하은,07433,대전광역시 서구 선릉거리 697,은지문빌라 161호,033-539-4608,seungmin12@example.net
윤현주,26761,경기도 안양시 만안구 역삼길 지하784,영자황이타운 538호,018-653-3691,haeunseong@example.org
김영길,55068,충청남도 진천군 도산대가 272,민석윤허빌라 Y동 404호,052-489-7699,misug01@example.net
이숙자,41862,경상남도 부천시 원미구 테헤란50가 304,성수박이타운 171호,062-281-0595,yuminjae@example.org
류미영,41153,경기도 연천군 서초중앙로 640,영식김연립,018-121-4617,jeonghunhong@example.com
최경숙,83584,대구광역시 서대문구 강남대로 994 (현준이김읍),민서박타운 343호,011-614-7497,rjo@example.net
김광수,04947,세종특별자치시 강서구 오금9로 지하60,정식한연립,018-569-5043,mgim@example.com
박영희,56755,부산광역시 강북구 개포15가 161,건우김박타운,041-902-6476,yeongsug31@example.org
최상훈,59939,충청북도 가평군 논현5가 지하551,순옥이김타워 마동 410호,016-897-9592,yujin34@example.com
류서영,71388,울산광역시 서구 봉은사965가 649,순자고노빌라 349호,02-7670-7829,gimseoyeong@example.net
이상호,17425,세종특별자치시 영등포구 테헤란62길 534-38 (재현김동),건우윤이연립,061-846-9938,seonyeong16@example.com
최민석,38653,울산광역시 마포구 압구정로 769 (선영배리),예준박이연립,018-660-3088,sangho14@example.org
배지혜,72647,세종특별자치시 노원구 선릉9가 834-74,하윤손김빌라 816호,070-1815-9492,yeongja76@example.org
박지혜,39747,충청남도 당진시 개포거리 793 (지혜이문리),현숙이박타운,031-271-9230,gimboram@example.net
홍준혁,38197,울산광역시 노원구 서초대647로 352-80,영철이김타워 R동 870호,044-628-2388,hwangmisug@example.com
김정순,23509,전라북도 서산시 압구정길 지하433 (지후이마을),서준이백마을 574호,017-445-0319,gimjunseo@example.com
박정호,71473,대전광역시 중구 양재천거리 980 (재호최동),예은이이마을,051-691-4393,cunjai@example.org
김춘자,97572,경상북도 태안군 반포대71가 544 (미영우김읍),성민이한빌라,032-659-3671,hyejin62@example.com
양민지,18100,경상남도 평창군 오금45거리 지하209,영수김송타워,043-168-6983,seongho42@example.org
이숙자,25911,울산광역시 동구 역삼613거리 지하297,지훈윤안타운,02-7774-8759,heoyujin@example.org
최지아,65595,대전광역시 용산구 서초중앙205길 745-94,순옥이이빌라,052-139-0095,eunju56@example.com
김채원,59315,경상북도 용인시 기흥구 강남대6거리 773-49 (서영김전동),영길우김타워,053-524-1730,ggim@example.com
류지은,42394,경상남도 부천시 오정구 학동092거리 438 (준영이읍),정훈이박타운 442호,054-431-3358,jeongnamgim@example.org
안성민,42909,광주광역시 북구 백제고분937길 25-34 (명숙최마을),수진이아파트 Z동 327호,052-004-1605,sangceolcoe@example.org
허준영,41602,경상북도 단양군 도산대로 835,민서김김아파트 351호,063-920-5696,jaehyeon68@example.net
박서준,49938,경상북도 보령시 논현8가 354 (지혜황이면),수민전권아파트 S동 765호,052-969-6111,gojeongsun@example.com
장미경,12091,세종특별자치시 양천구 논현길 492 (종수이김리),정호박빌라 다동 168호,051-383-1583,cjang@example.com
권준혁,14742,제주특별자치도 남양주시 삼성302거리 678-57 (종수황읍),혜진김박연립,054-922-8679,myeongja20@example.net
박지현,33198,충청북도 청주시 청원구 서초중앙거리 13 (은영김권리),재호최연립,053-846-6755,eungyeonghan@example.net
김지훈,17746,대전광역시 구로구 영동대가 352 (옥순박면),서영김타운,032-537-7040,wson@example.com
김정자,85438,세종특별자치시 강서구 영동대532가 지하903,선영최김타워 마동 989호,062-187-1403,ri@example.org
이상현,94324,서울특별시 성동구 테헤란204가 지하400 (진호김김마을),경수한마을,042-517-2898,sanghyeoni@example.com
김승현,94714,전라남도 하남시 강남대길 747,서현남윤아파트,054-433-7511,tu@example.net
최현우,68396,강원도 성남시 분당구 서초중앙길 194,상호김이빌라 507호,031-746-3849,jeonghyi67@example.com
박영순,71551,전라남도 성남시 학동363거리 543 (예은김읍),옥순박빌라,042-846-8560,jihyeongim@example.com
김정자,05961,전라남도 공주시 언주361로 470-53,민석서빌라 다동 572호,016-786-9331,ngim@example.org
김서윤,25917,경상북도 수원시 삼성301길 40-16,지영손오연립,070-1642-8681,sonjeonghun@example.com
강민재,94303,강원도 안양시 강남대로 235 (지원곽홍동),지우박허아파트 B동 266호,033-379-0543,isangceol@example.com
이지영,85018,세종특별자치시 강서구 언주9가 868 (미정이김마을),경자이타워 X동 402호,018-422-9745,jeongsun34@example.org
오준서,77244,충청북도 부천시 소사구 가락8길 996-57 (옥자박동),하윤김오연립,061-274-6683,sanghyeonjo@example.net
박미정,39480,대전광역시 광진구 논현533거리 724-15,지혜김타운 C동 351호,063-451-6038,jihye93@example.org
김상훈,56982,울산광역시 성북구 양재천57로 238,현지이오마을 951호,016-006-8441,minjun30@example.com
권도현,12554,전라남도 안산시 단원구 강남대거리 481-4 (민준강읍),혜진김이빌라 108동 112호,070-3869-7367,isubin@example.com
이채원,69955,제주특별자치도 부천시 원미구 석촌호수가 지하890,지영김오빌라 U동 708호,018-901-8785,jyun@example.com
최예준,48139,대구광역시 용산구 봉은사24가 76-73,준서이빌라 G동 652호,044-570-0139,gyeonghyi48@example.org
고서윤,64276,인천광역시 서대문구 가락로 310 (은지김이읍),경숙정손타운 307호,042-286-4402,yeongsunju@example.org
김도현,87116,대전광역시 성동구 반포대82길 지하668 (현우장동),영숙김빌라 H동 519호,033-274-4629,yujingim@example.org
박준영,02947,전라남도 안산시 단원구 개포7거리 954 (아름장마을),종수송마을 478호,033-798-4516,leom@example.org
김승현,74649,충청남도 제천시 압구정164가 135,영자오마을 604호,063-950-7693,tjeon@example.org
이상철,45655,부산광역시 강북구 언주거리 936 (정훈이읍),숙자장손아파트 Y동 581호,042-029-9518,ijiyeon@example.org
홍은서,76829,충청남도 수원시 장안구 영동대거리 210-29,서현노송아파트 H동 234호,02-3626-6983,hyeonjunyun@example.org
나미영,99092,울산광역시 서초구 양재천가 839,정순박마을 U동 585호,055-109-0135,vjang@example.com
강예준,23898,경상북도 의왕시 가락85가 386 (광수이김동),광수백아파트 H동 868호,062-953-3861,dbag@example.org
김성호,84141,경상남도 단양군 서초대가 231,민석권김빌라,053-224-1716,songhyejin@example.com
안병철,60406,충청남도 양구군 서초중앙0길 985,경수강서연립 333호,061-562-0167,gyeonghyihwang@example.net
김미영,89659,부산광역시 서대문구 도산대011가 969 (광수최마을),미영박이타워 B동 043호,054-686-7555,ehwang@example.net
조경수,28612,경기도 화성시 역삼길 575-36 (현주박한읍),미숙김송아파트,053-196-1723,ibag@example.net
박현주,05037,광주광역시 금천구 서초중앙가 238,미숙장연립 G동 651호,02-4888-9029,cunja02@example.com
김순옥,26912,경상남도 김포시 영동대가 414 (성호이지면),재현김이마을,061-598-1178,ojiweon@example.org
권정식,90276,충청북도 수원시 팔달구 오금6거리 29,재현김이연립,043-401-4122,jeongho10@example.com
곽예지,37220,인천광역시 강남구 삼성5가 852 (상철권박마을),정수한마을,053-117-5104,hgim@example.net
윤건우,93326,충청남도 청주시 흥덕구 도산대가 770 (미경오리),상호박장빌라 882호,063-087-3343,yangsanghun@example.org
최지연,00675,충청남도 괴산군 서초중앙로 818,성훈박김타워 K동 197호,061-405-9421,coemijeong@example.org
최승민,29488,충청북도 양평군 서초중앙8로 121,지민서마을 나동 921호,018-441-0348,miyeong23@example.org
허정숙,11998,서울특별시 서구 개포거리 160 (윤서한이읍),상호서타워,054-397-3978,gimseungmin@example.net
김정순,84667,울산광역시 마포구 학동거리 672-96 (예원김최리),준혁김연립 986호,010-2934-9198,jeongsu08@example.org
홍영진,84247,세종특별자치시 광진구 테헤란896가 393 (지아김장면),정훈김허빌라 R동 891호,017-012-5376,tgim@example.com
최민재,56962,대구광역시 성북구 선릉로 지하335,영숙김연립,063-448-2357,jeongsigseo@example.net
하우진,27609,대전광역시 강서구 영동대가 578-49 (미영박읍),현정황황빌라,011-600-2022,subin11@example.org
심준호,36454,충청북도 천안시 동남구 서초대가 441,지훈차타워 662호,018-405-8150,jinucoe@example.com
엄선영,79474,울산광역시 성동구 강남대로 103-23 (광수김서마을),성진권김빌라 961호,018-106-4101,van@example.com
김지민,67241,대전광역시 강남구 학동46길 599 (민지김면),지혜김김타운,033-897-4529,yeongsu50@example.com
손시우,39056,경기도 계룡시 개포길 723-46 (지현김전동),준호손마을,044-057-0988,psong@example.com
김민수,37279,강원도 태안군 강남대944길 922,민준장송아파트,033-226-8959,gimdonghyeon@example.org
유주원,51388,경상남도 청주시 상당구 서초중앙거리 508-33 (현우최리),정숙문양연립 503호,055-268-6325,gimgyeongsu@example.net
박승현,26601,제주특별자치도 수원시 영통구 도산대16길 182 (숙자권면),옥자김타운 J동 258호,031-245-5647,yejunnam@example.com
송은경,00854,제주특별자치도 음성군 개포길 792-56,지민양연립,052-978-4942,pgang@example.com
양민서,08663,전라남도 예산군 언주9로 157-69 (동현정리),성민장김아파트,018-334-9331,iim@example.com
박예진,96954,울산광역시 동구 영동대3길 104 (진우이김동),은영문이타워 249호,042-195-0502,seoyeon99@example.org
황영순,66052,광주광역시 종로구 테헤란길 338-3 (영미한전리),민석이아파트 H동 049호,052-537-3842,jaeho50@example.net
장지원,52717,세종특별자치시 은평구 강남대길 지하201 (서연김김면),명숙심배빌라,031-023-6884,lju@example.org
이예진,43699,충청남도 제천시 강남대231로 지하802 (예지이김마을),경수노이타운 Q동 376호,051-892-5286,sanghyeonheo@example.org
박민서,58363,인천광역시 관악구 선릉9로 104 (은지박김동),도현이마을 507호,02-5305-4986,jieun06@example.com
김영수,54220,인천광역시 서구 영동대8가 918 (영환이면),은영이김빌라,051-833-1502,bbag@example.com
김상호,95247,강원도 안산시 상록구 봉은사로 606 (현준이읍),수빈홍장연립,033-133-7302,jihugim@example.org
박성민,50754,제주특별자치도 옥천군 가락38로 774-31 (도현이동),성진신박마을 M동 545호,011-544-0974,ihaeun@example.com
이지우,01528,부산광역시 구로구 가락5가 612,서현김김아파트,063-410-2596,haeunjang@example.net
노혜진,70738,충청남도 안성시 봉은사1거리 938-19,민준이강아파트 753호,053-160-1393,jeongsig67@example.org
김지은,65499,충청남도 횡성군 선릉로 9,지은김김아파트,064-767-6535,hyeonu59@example.net
심정웅,42848,대구광역시 은평구 개포29가 332,경수황지마을 918호,042-934-2081,gyeongsug19@example.com
양준호,20119,서울특별시 남구 오금7길 369 (미영박리),영수이서마을,053-299-3574,jaeho18@example.net
김옥순,46667,대구광역시 동구 양재천거리 295-64,정호최빌라,017-607-0915,iyeonghyi@example.net
박재호,73020,제주특별자치도 의왕시 개포2로 532,미숙정아파트 M동 418호,063-265-8457,nojinho@example.org
임광수,41698,서울특별시 은평구 학동744거리 595,은지이박아파트,070-7566-8905,eunyeongno@example.com
김영희,88195,제주특별자치도 부천시 오정구 오금거리 37,경자김서타운,054-894-8626,gimjeongja@example.com
이승민,51297,강원도 부천시 압구정거리 100 (정호김배리),지은고손타운 776호,031-942-3205,jiui@example.net
윤영수,06839,제주특별자치도 당진시 오금4가 74 (서영김읍),서현최아파트 Z동 428호,052-541-0094,mijeong46@example.com
배준영,36452,충청북도 여주시 반포대길 509 (경희이마을),정웅안신아파트,051-244-4237,jan@example.com
박승현,90041,경기도 철원군 역삼길 462,숙자박진빌라 180호,070-4814-2165,gimjiyeon@example.org
강은영,36981,서울특별시 서구 선릉길 897 (동현박동),영희김최타운 T동 826호,062-073-2223,jongsugim@example.net
우정남,71756,충청북도 평창군 삼성거리 지하510 (미숙김이면),선영김김마을 225호,054-867-2393,zgim@example.net
김정남,93058,경상남도 보령시 가락가 334 (진호황마을),민석배이마을,062-369-4824,jeonseoyeon@example.net
김승민,77898,대구광역시 동작구 오금길 998-37,수민양김타워 바동 184호,017-319-9428,cayeongja@example.net
조광수,61984,세종특별자치시 서대문구 오금거리 624,명숙하최타운 686호,019-957-2779,icaeweon@example.net
김성수,04737,인천광역시 동작구 백제고분거리 508-14,준호박권연립 I동 495호,043-113-1810,ijihyeon@example.org
강예준,28023,인천광역시 용산구 잠실1로 97,서영장송연립 F동 841호,018-492-2796,jangboram@example.net
최미정,36837,세종특별자치시 구로구 서초중앙가 875,은지김타운 299호,063-267-6085,eunseoim@example.org
곽은서,71970,대구광역시 양천구 역삼거리 893 (준영안조리),민석윤윤빌라 621호,033-182-0081,jinhoi@example.org
박옥순,94045,제주특별자치도 영동군 백제고분970가 576 (병철김홍면),우진김타워 Y동 794호,051-026-8823,yeonghojang@example.com
윤지혜,91035,세종특별자치시 송파구 강남대가 758 (미경윤동),영환하하빌라 A동 915호,016-875-1171,jeongho86@example.net
안준호,06655,인천광역시 서구 개포가 2,은경박마을,064-787-9350,ago@example.net
김하은,08599,전라남도 용인시 수지구 역삼5로 200,서윤김연립 366호,018-068-1919,yeonggil94@example.org
황도윤,42974,서울특별시 서초구 서초중앙길 354,민수김김아파트,070-5461-7163,seojeongho@example.net
백준호,08128,경기도 수원시 서초대12거리 625-42 (정훈황황마을),상호권아파트,041-744-8647,coeeunjeong@example.com
장시우,40638,부산광역시 북구 가락35거리 887-74 (지우윤읍),승민김빌라 다동 747호,02-4710-2307,jeongho70@example.org
한미경,21502,충청남도 증평군 강남대141가 160-94,은정양빌라 X동 811호,061-838-3046,guseonyeong@example.org
한미경,50781,세종특별자치시 용산구 잠실24로 389,중수박김타운 676호,02-8218-5702,pbag@example.net
김성현,54541,제주특별자치도 제천시 잠실4길 580-10,상현박빌라,019-571-0454,areumjang@example.com
안도윤,56557,광주광역시 용산구 선릉518가 473,지은권오타운 934호,055-521-8426,juweonsong@example.org
남명숙,52851,강원도 양주시 언주거리 695,예준김황아파트 I동 626호,064-729-0850,hyeonji54@example.org
박건우,76524,광주광역시 관악구 오금2로 186-63 (순자김읍),예원손연립,062-672-1320,jiweon32@example.org
최지후,85225,경상북도 부여군 개포6길 316-19,지우김아파트,070-9720-5301,hyeonjun88@example.com
박민재,67218,대구광역시 남구 압구정666로 653 (하은배배마을),상훈박빌라 라동 927호,044-131-8268,ii@example.com
최도윤,98541,경기도 과천시 도산대거리 409-96 (도윤노동),도현서빌라,02-6084-3093,jhan@example.org
김경숙,58812,서울특별시 금천구 반포대420거리 534,우진김양아파트 T동 237호,018-904-4228,yunseogim@example.org
홍서현,26592,대구광역시 영등포구 역삼거리 292-5,순자홍김타운,017-059-1287,yeweon05@example.net
박재현,35897,전라남도 안양시 만안구 선릉길 418 (정희김마을),상현이윤타운,031-569-1339,yeonghyihong@example.net
류현우,83898,전라남도 연천군 잠실56가 668-82,영자박타워 K동 435호,044-853-8582,minseoi@example.net
송지연,09689,충청남도 서천군 개포길 630 (지은구구면),현주김김아파트,018-412-9158,yunseocoe@example.com
이지연,15864,충청북도 아산시 압구정1가 198 (수민백한면),준혁김타워,063-908-3536,jongsu68@example.net
남유진,67143,서울특별시 종로구 서초중앙6거리 54-26,은경이마을,052-699-3531,bo@example.org
김윤서,59048,전라북도 과천시 학동44거리 887 (숙자임권동),하윤김박타워 205호,019-322-8430,jeongsuo@example.com
구현숙,96443,부산광역시 중구 반포대73거리 770,중수권이마을,054-721-4130,baeyejun@example.com
김영철,13038,경기도 화천군 영동대4길 489,예진황타워,032-683-5268,jeongja19@example.com
박경자,03918,서울특별시 강북구 오금1거리 262,서현김마을 L동 560호,054-675-2125,yeongjinhwang@example.com
박현우,73340,경상남도 안양시 만안구 테헤란0거리 395-35 (지원류동),채원양빌라 566호,033-235-4502,imyeongsug@example.org
안정호,52381,전라남도 가평군 서초중앙로 810-83,중수배타워 C동 148호,070-1020-0768,jihuhong@example.org
이정식,54337,경기도 포천시 강남대로 635-77,민석박빌라 마동 385호,061-646-1627,gimjaeho@example.com
박민준,67928,충청남도 제천시 개포54길 862,현정김류타워 바동 642호,019-419-0787,eunseo75@example.org
심성훈,78709,대구광역시 도봉구 잠실거리 지하412 (재호황문면),지혜이서마을,010-5708-1513,yeongsugu@example.com
김정남,33564,경기도 태백시 삼성595길 3,옥자이김타운,032-321-0853,bagyunseo@example.net
홍경희,08503,울산광역시 광진구 가락거리 지하745,진호김김타워 809호,062-981-8722,anjunyeong@example.org
김서윤,63646,세종특별자치시 마포구 석촌호수876거리 359-71,지혜김우아파트 R동 157호,054-451-5085,cgim@example.org
김성민,89434,경기도 청양군 도산대거리 136,명숙한마을 171호,052-452-9751,hgim@example.net
박예지,84852,부산광역시 구로구 잠실531거리 417,정식신타워 832호,042-015-0347,yeongjagim@example.com
박서준,11423,인천광역시 관악구 봉은사거리 888 (현지김리),성수이마을 386호,052-424-4852,baejongsu@example.com
김지은,66036,충청북도 부여군 오금79거리 18-9 (하은이동),영희최오빌라 842호,062-510-4499,sunja03@example.org
김영순,72095,경상북도 용인시 수지구 양재천58가 92 (은서이박마을),수진김마을,032-800-6518,sunjagim@example.org
서영수,48656,전라남도 부천시 원미구 강남대414거리 61 (도현김읍),민수김연립 H동 400호,032-037-1047,heoyeongil@example.org
김영자,82762,경상북도 구리시 서초중앙9로 877-3 (준호이동),지민최이타워 F동 197호,016-261-5831,seojungang@example.net
김서준,03205,경기도 태백시 봉은사128가 492,예원안조아파트 D동 797호,032-074-1778,ogja74@example.org
김도현,38512,경상북도 부천시 반포대089길 505,춘자이우마을,055-856-3277,sunja87@example.com
장주원,88751,세종특별자치시 종로구 반포대길 822-5,현우김연립 I동 370호,041-989-9423,ahan@example.com
김경수,07117,인천광역시 송파구 양재천거리 783-50 (종수우읍),현정윤이마을,044-260-3545,gwangsugang@example.org
이광수,10044,대전광역시 남구 오금9로 지하820,준영이타운 Y동 975호,010-5381-5341,gimcunja@example.com
서진호,53037,경상남도 고양시 일산서구 봉은사거리 973 (현지이읍),영길김연립,031-764-9397,sumin63@example.net
김은정,45809,경기도 인제군 잠실로 993-43 (준호최마을),명자김아파트 893호,052-230-3164,nhan@example.net
문아름,04337,세종특별자치시 동구 선릉5로 267-63 (영미김고마을),지영이타워 W동 827호,070-7826-1094,gimseohyeon@example.org
정재호,72308,부산광역시 용산구 가락로 72-78,중수이아파트 599호,032-587-6983,xi@example.com
이민수,64756,경기도 홍성군 석촌호수길 20-34,준영이마을 U동 543호,016-855-7325,ugim@example.net
김정식,66992,경상남도 공주시 석촌호수2거리 102-15,미영김타운,064-743-7509,ghwang@example.net
이보람,04308,경기도 삼척시 선릉가 677-60 (예지남마을),현준차타워,052-620-9401,sumingim@example.com
안상철,43553,전라북도 여주시 백제고분2가 50,하은서김타워,010-6478-4345,yeonggilgweon@example.org
김민석,69221,전라북도 철원군 석촌호수941가 613 (영철김한마을),진우김연립 236호,064-703-4746,gyeongsug57@example.com
김정웅,15644,경상북도 안산시 상록구 잠실거리 379-82,미경김빌라 G동 989호,018-616-0173,seonghun23@example.org
이현우,29384,경기도 제천시 가락27거리 139,예은이이타운 673호,011-952-3532,yeongmi16@example.com
전정호,69866,부산광역시 도봉구 논현7거리 497,은서김마을 A동 554호,032-262-0091,seonghun59@example.net
김건우,06767,세종특별자치시 중구 서초중앙로 430-62 (서윤이마을),서준김서타운 575호,042-640-4494,fson@example.com
노민석,74440,경기도 부천시 도산대6길 352-95 (정수오박리),종수김이타운 252호,031-938-8628,yeongjagim@example.org
김성현,31756,광주광역시 용산구 서초중앙7로 126,영수이빌라 W동 780호,031-831-5447,yeonghyi53@example.net
구옥순,70767,대구광역시 구로구 서초중앙452가 250 (상훈손마을),은주이아파트,031-848-0520,gimjia@example.org
송은서,78317,경기도 청주시 서원구 학동거리 786-97,정호최서타운,018-210-5456,hwangseoyun@example.com
황준혁,13000,광주광역시 중랑구 도산대가 488,정남지이타운 161호,044-043-2780,sju@example.org
이은경,71207,광주광역시 서초구 개포가 43-78,상호황이마을 T동 910호,032-029-0669,ogsun00@example.com
최은지,92766,부산광역시 동구 학동0로 지하936,영식고아파트 123호,064-762-5442,ujin56@example.com
이동현,14420,제주특별자치도 성남시 학동길 526-20 (영환이윤동),재현박김연립,019-696-5897,siu91@example.com
김지원,31527,광주광역시 양천구 테헤란7로 596 (진우김마을),영철김이아파트 98동 069호,055-763-7433,dgim@example.net
장은서,49959,광주광역시 동구 서초대거리 635-93 (영자이박동),지후오김연립 I동 333호,018-714-8417,siu89@example.org
홍상철,17992,전라북도 보은군 백제고분7거리 335,건우이타운,043-474-7831,minseogi@example.org
김지은,11842,서울특별시 성동구 반포대8길 440,순옥오연립 L동 313호,052-596-9613,jaehosong@example.net
이성민,78928,충청북도 평택시 논현길 163 (지후최강읍),영자양김아파트,064-798-7881,sangho96@example.org
이선영,83137,세종특별자치시 양천구 오금로 219 (민지서양동),지연권최마을 J동 336호,031-759-9885,mseong@example.com
박준호,18155,경상남도 태백시 강남대019가 147,예지김빌라,031-610-7773,jinhobag@example.net
박정호,44602,광주광역시 중구 테헤란1로 447 (경희류읍),성민김장마을 880호,052-286-6831,bgim@example.net
정지은,19403,광주광역시 남구 서초대로 969,선영이이연립,053-484-3958,namyeongmi@example.com
황춘자,28065,전라북도 동해시 개포84길 980 (우진황면),재현최이빌라,010-5207-1067,baegminjun@example.org
이지은,12967,서울특별시 종로구 압구정로 89-46 (현우장읍),재현김빌라,010-8083-1731,jiyeonhong@example.com
민윤서,31873,제주특별자치도 안양시 동안구 개포가 15-72 (윤서장강면),영수김빌라 Y동 808호,017-524-9052,ggang@example.net
최지은,22238,세종특별자치시 서대문구 봉은사229가 441-46 (순옥강리),도현류연립,052-057-2669,gimjinu@example.org
윤상훈,25147,강원도 원주시 봉은사20로 719 (서준한이리),지우배이연립 284호,011-876-9059,gyeongja01@example.com
구성수,95210,충청남도 청주시 청원구 석촌호수길 지하221,영식김김아파트,053-470-0080,yeongili@example.org
장현주,76729,광주광역시 마포구 석촌호수길 420 (현주김김마을),지훈황이아파트 306호,052-167-9747,sunja46@example.org
박재현,28412,세종특별자치시 송파구 선릉길 616,유진최아파트,018-710-1508,jeonghun45@example.net
이영자,37955,세종특별자치시 송파구 봉은사9길 지하149 (정수박읍),진우류김빌라 S동 132호,043-253-4564,gyeongjabag@example.org
신채원,22846,경상남도 서산시 도산대97거리 지하966 (은지이김리),수빈김송타운 567호,063-940-6674,bagseohyeon@example.org
박영호,46175,경상북도 고양시 덕양구 선릉로 370-61 (영길김읍),옥순이마을,064-715-0491,sgo@example.net
김은주,49063,인천광역시 중랑구 강남대길 508 (민서이황읍),승민김타워 V동 477호,041-916-5187,ygim@example.net
조지훈,17152,인천광역시 서대문구 양재천96거리 지하581,아름최김마을 V동 564호,052-239-0138,egweon@example.org
김중수,64220,세종특별자치시 은평구 석촌호수길 488-9 (현준윤면),진우김마을,053-966-2825,jeonghunjang@example.com
강준영,84936,충청북도 부천시 선릉로 지하303,도윤이연립 674호,062-266-2832,geonugim@example.com
박성진,05503,전라북도 삼척시 석촌호수33가 931-18,영희김이타워 518호,017-908-8963,gi@example.net
김영일,87665,대구광역시 송파구 오금가 지하514,지영홍연립 152호,062-103-6925,yeonghyi65@example.net
이현우,03326,서울특별시 서구 압구정가 437,영미양전빌라,016-569-6823,bagjeongsun@example.net
김영환,66635,경상북도 철원군 개포14가 891,성현장마을 U동 428호,042-657-2511,jia06@example.net
남지은,69557,경상남도 의왕시 언주로 515-54,정훈장이타워 H동 652호,062-930-5236,jongsugim@example.org
송영길,45905,제주특별자치도 정선군 테헤란62로 211-44 (영희황배동),옥자황마을,017-995-4882,sangceol34@example.org
박상훈,17737,경상북도 춘천시 영동대9길 309,영진이아파트,017-991-5581,jiu81@example.net
김선영,59669,전라북도 서산시 오금거리 964 (현정전동),지혜김타운 698호,064-747-5973,gyeongsu35@example.net
노민서,35007,광주광역시 마포구 강남대로 616-39,정자김연립 041호,055-725-7928,seonghun91@example.com
주지후,14139,경상북도 성남시 수정구 학동6길 124,영철김타워,02-1361-4618,minjae29@example.net
이영호,91726,경상남도 가평군 학동가 947-19 (영자김리),도윤이오연립,044-794-0208,munareum@example.org
김재현,80439,경상북도 안양시 석촌호수거리 759,정웅이연립,051-023-3758,jeongungjeong@example.org
송재현,42406,충청북도 과천시 잠실로 884,영미이연립 바동 609호,043-819-0020,jiugim@example.org
김진호,04853,부산광역시 노원구 압구정길 478,동현김이타워 E동 860호,02-2866-4091,yujini@example.org
김시우,86458,인천광역시 마포구 서초중앙7거리 275,춘자최타운 005호,070-0815-9257,sonjiyeong@example.org
문상호,16801,부산광역시 강서구 논현로 지하630 (정희김백읍),민준김마을 802호,016-580-9650,agang@example.com
이은지,84883,대구광역시 종로구 봉은사거리 820-68,지은이타워 311호,064-743-8568,gimsangceol@example.com
배지우,25318,대전광역시 동작구 논현4가 181,서윤서김연립,017-045-2730,jiu62@example.net
김지혜,63010,충청남도 의왕시 가락79거리 685-22 (영철이읍),수빈김안타운,061-642-5223,qi@example.org
최은정,68948,강원도 이천시 압구정749가 395,정웅윤아파트,019-656-2819,miyeonggim@example.org
고정훈,15017,인천광역시 강남구 선릉길 419,경수김김빌라 Q동 068호,033-542-7665,ksim@example.org
박경수,63810,세종특별자치시 영등포구 오금길 915-10,시우노마을 866호,044-905-9544,seoyeongsong@example.net
박민준,01561,경상남도 수원시 가락5가 780-10,미숙김아파트,055-699-7913,gyeongjagim@example.net
이지혜,24209,인천광역시 용산구 서초대521로 612-44,명자김타운,063-424-3437,jeonghojin@example.org
김현주,19812,대구광역시 강동구 영동대90로 81 (미숙장읍),진호이타운 T동 358호,031-753-6729,ihyeonji@example.org
최진우,90734,충청남도 이천시 학동97거리 407 (영수박지마을),명자이아파트,043-499-7559,junseogim@example.com
고민지,48247,대구광역시 은평구 개포7가 61 (상훈이홍동),순옥송연립 가동 337호,018-307-2318,coeyeeun@example.net
문지후,48050,인천광역시 서초구 잠실6로 230-26,민수양연립 270호,062-702-2248,jiyeongim@example.org
고영호,40593,대구광역시 중랑구 잠실로 880,숙자정빌라 172호,053-459-9561,jeongung10@example.org
진영환,61671,충청남도 용인시 처인구 언주거리 477,숙자곽타워 O동 708호,032-189-2372,pyun@example.org
진영철,99669,경상남도 포천시 언주가 975 (영철손면),영희박김빌라 S동 273호,053-379-9755,sujinheo@example.net
김민재,54217,경상남도 정선군 학동2거리 694-70,영숙이전아파트 091호,041-714-8595,jeongjasong@example.net
손도현,75017,전라남도 논산시 도산대0로 지하272 (은경장마을),보람오연립 234호,033-559-0000,gimminseog@example.com
이준영,76305,경기도 용인시 처인구 백제고분로 746 (지은노손리),광수장연립,031-023-3284,gyeongsu33@example.com
이명자,17779,서울특별시 영등포구 가락거리 지하833 (성훈황박마을),경수허아파트,041-265-0526,yeongceol26@example.net
백민재,73882,대구광역시 남구 봉은사길 682 (민재문읍),정식이마을 802호,041-793-9551,sunjajang@example.com
김옥순,66799,울산광역시 도봉구 삼성4가 517-2 (동현한마을),순옥양아파트,043-498-8418,hgim@example.com
서정식,50915,대구광역시 동구 개포거리 552-72,순옥이아파트,042-392-7627,xi@example.com
권준호,85294,충청남도 연천군 석촌호수7가 55-82 (성수박동),숙자황타운 X동 062호,063-273-7084,ojiyeong@example.org
김미경,41502,경기도 양주시 봉은사거리 677-80,우진김김타워,053-313-1424,myeongjabag@example.org
황정웅,02931,충청북도 양양군 논현로 지하433 (은주김면),순자박이타운 418호,051-632-1176,iseonghyeon@example.com
하주원,25838,울산광역시 동대문구 봉은사3거리 754-56 (은정손장동),정수박김연립 121호,02-0088-1834,qcoe@example.org
문현주,87648,대구광역시 서대문구 영동대22길 19-13,지우박타운 M동 383호,043-276-3990,bagseunghyeon@example.com
백예준,58360,충청남도 안양시 동안구 반포대9가 461-2 (명자안김읍),수빈송아파트,032-933-5629,sujin97@example.com
최정수,13707,경기도 부천시 원미구 선릉로 447-32 (은서이김마을),예진윤빌라,010-6533-5803,eunseo09@example.com
최옥자,96784,경상북도 수원시 영동대513거리 지하481,준영윤김아파트,033-828-2139,wi@example.org
진정웅,99288,강원도 보은군 반포대600가 82 (현준나김동),영환이타운 430호,064-736-1156,seoyeonsim@example.org
정성수,86664,대전광역시 금천구 압구정길 706-43 (병철이박마을),아름고문마을 409호,011-801-0740,jeongsu46@example.com
김혜진,94838,광주광역시 북구 봉은사거리 3-95 (현주김마을),서현민마을 136호,062-177-8026,miyeong56@example.net
김도현,02717,세종특별자치시 마포구 논현168가 311,영일이연립 536호,052-410-5886,seohyeonmun@example.com
박서연,30550,충청남도 포천시 가락로 839,수민김빌라,070-8105-7093,uhwang@example.org
박예준,74762,서울특별시 동대문구 도산대로 지하25 (상훈이오읍),옥순박타운,02-0885-7241,hyeonjeongheo@example.org
이옥순,23665,부산광역시 동작구 가락484로 지하703 (민수이읍),경희고성아파트 D동 098호,063-259-7709,jeongsu28@example.com
김지은,93575,대구광역시 강동구 백제고분075길 878 (순옥우리),영일김타워 바동 504호,019-292-3299,jeongsug74@example.org
안보람,88370,서울특별시 은평구 백제고분84로 404 (지연이문리),지연김김아파트,044-541-1620,donghyeon18@example.net
황동현,68087,전라북도 삼척시 삼성로 4,상철이이빌라 B동 113호,052-735-5121,byeongceolno@example.com
김예은,96358,울산광역시 성북구 잠실5로 643-75 (재현손김읍),승현엄아파트 X동 620호,054-093-0157,yujin23@example.com
윤미경,18716,세종특별자치시 서구 학동77거리 617-73,은서박장마을,061-345-3273,qheo@example.org
송은경,24671,서울특별시 강서구 봉은사길 555-64,예지홍타운,041-807-9129,rgim@example.net
강승현,68998,서울특별시 서초구 선릉26거리 424-26 (윤서류리),선영민빌라 298호,018-954-5156,jeonghoryu@example.com
김상현,86515,경상남도 홍천군 도산대7로 558,춘자김박마을 T동 719호,011-742-1412,myeongsug35@example.net
김민석,56508,충청북도 안양시 동안구 가락가 116 (성수류읍),지원최타운 E동 561호,011-264-5182,gimyeweon@example.org
허예원,69216,경기도 청양군 학동길 877 (하은고송면),정자김타운 F동 660호,016-943-6347,seonghyeongim@example.net
백성현,90100,울산광역시 중구 역삼길 386-64,상철박김빌라,031-142-9013,eunyeong16@example.org
박미경,60662,경기도 부여군 언주461거리 263-85 (상철서마을),서준김아파트 685호,02-6873-8453,jseo@example.com
손병철,24048,전라남도 시흥시 잠실2가 112-36 (성진최읍),영철강타운 010호,052-524-4514,bagyujin@example.org
박민지,19999,대구광역시 강서구 백제고분길 187,숙자박타운 114호,019-035-0137,gimsanghyeon@example.org
오경숙,74683,대구광역시 서대문구 양재천거리 424-20 (재호홍오읍),서윤김김빌라 G동 611호,011-481-4863,vgim@example.net
황춘자,73767,인천광역시 강남구 삼성563길 456 (춘자안리),민서나아파트 718호,018-535-3277,gimgyeonghyi@example.com
문영숙,14082,경상북도 보은군 학동91로 143-33 (민준이민동),민지이연립,017-223-3237,yeongil46@example.org
류영길,17187,부산광역시 남구 압구정6로 595 (우진손손읍),옥순박김마을 146호,031-110-5536,qgu@example.net
이상현,81154,전라북도 김포시 삼성로 835-42 (승민박이마을),상철김윤연립,053-729-3006,fgwag@example.net
이민석,11025,경상남도 평택시 강남대거리 23-86 (영미권박리),경자이아파트,042-028-5918,ogjagim@example.com
이준서,88321,광주광역시 중구 강남대1거리 984-45 (성수서박마을),순자고강연립,044-960-0516,lseo@example.net
박광수,86689,충청남도 서천군 서초중앙602로 829 (진우이읍),진호송최연립 574호,033-336-3031,pmin@example.net
이명자,40752,전라남도 당진시 석촌호수거리 423,서영문오아파트 29동 095호,033-661-8297,iyunseo@example.com
오영자,41647,전라북도 청주시 서원구 강남대29거리 571-86 (상현김읍),재호문타워 가동 754호,063-945-2388,seongjin46@example.net
김현숙,72205,전라남도 김포시 오금5가 142 (성호박심면),지연김김아파트,011-734-1977,jihu69@example.net
김민수,27013,대구광역시 성동구 논현길 지하639 (정훈박이읍),서영박마을 L동 418호,02-0110-5029,gimjihun@example.net
조예지,74933,강원도 성남시 분당구 가락6가 800-31 (진호노리),은주허타운,044-508-2314,wbag@example.com
최영미,28476,제주특별자치도 횡성군 잠실거리 161,서영이박빌라,070-3209-2974,osong@example.net
이민석,08425,서울특별시 중랑구 백제고분거리 548 (상훈한리),준영윤마을,063-717-7688,jgweon@example.com
김정웅,49066,경상북도 평택시 테헤란65로 737-30 (지원권동),현준최연립 917호,053-470-6255,pyang@example.com
박도윤,61946,세종특별자치시 남구 도산대거리 758-41,윤서조연립,041-464-6754,ghan@example.net
서진호,99273,경기도 서천군 선릉93거리 848,지현박타워,064-772-5401,ei@example.org
김상현,75145,전라북도 안양시 만안구 논현3가 822 (경자윤오리),지혜김아파트 733호,062-884-8409,siusim@example.com
김지연,38650,충청남도 과천시 논현52길 676-16 (준영황리),영호한타워 F동 422호,070-1083-0448,gimhyeonu@example.net
송은서,27530,광주광역시 영등포구 잠실41거리 242-68 (건우박김면),재현한빌라,043-762-2993,yunseongjin@example.org
박성수,91739,울산광역시 강북구 도산대9로 909-61 (지영김박읍),영식김김마을 V동 417호,062-215-5045,yeji38@example.net
황민석,65387,대구광역시 중랑구 강남대91길 542-92 (재현박읍),영환조마을 다동 397호,032-064-9545,seunghyeon36@example.net
이은정,09514,서울특별시 도봉구 양재천331길 25 (도윤박박읍),서준김김아파트 D동 557호,063-430-4753,seunghyeoni@example.com
홍정수,88791,전라남도 원주시 잠실2로 644-61 (광수장이리),건우이고빌라 149호,044-005-3088,jeongsug15@example.net
나정호,94940,세종특별자치시 동작구 삼성47길 890 (지아김읍),수민허마을 055호,070-1139-1952,seohyeongim@example.org
송아름,26128,대전광역시 양천구 양재천로 지하167 (우진조김마을),지우박박타운,031-800-8719,hayun80@example.com
이윤서,15269,경상북도 증평군 역삼길 368-67,현숙황빌라 D동 255호,055-243-8013,ugim@example.org
장영수,80402,전라남도 의정부시 석촌호수4길 180 (지원김송마을),현지강타워,019-325-4472,gsong@example.net
최경희,36302,충청북도 고양시 덕양구 잠실거리 532-48 (수빈박리),영숙김연립 208호,010-8299-9482,seonghyeonim@example.com
권예진,08871,세종특별자치시 남구 가락653가 393-6,도윤김곽마을,016-281-3970,jeongsun92@example.org
윤성진,10256,제주특별자치도 증평군 학동1길 731 (성민김김면),준서우빌라 바동 900호,064-784-9491,dhwang@example.net
김승민,43201,충청북도 안성시 강남대거리 지하486,영수차송타운,051-308-9640,ujin19@example.com
박영일,86261,전라남도 이천시 오금로 217-77 (준혁이읍),은정최노마을 나동 242호,063-164-9337,gimbyeongceol@example.com
최경숙,59505,충청남도 원주시 강남대길 725-32 (현주황배읍),영식김이타운 나동 440호,02-9886-2284,cgim@example.com
백영순,15743,부산광역시 성동구 반포대길 지하729 (성호황김읍),현우김마을 200호,052-926-1031,gyeongsu08@example.net
우지아,95228,세종특별자치시 양천구 반포대4길 305 (민재김읍),영수김김타운 608호,063-986-3501,boram17@example.net
강서현,29370,세종특별자치시 동구 석촌호수10가 707-46,준혁이박타워 I동 963호,02-7554-4849,seoyun78@example.com
윤상철,54722,대구광역시 동작구 가락4로 236 (영숙엄손마을),진호강김아파트,051-804-9676,yeji14@example.net
김지혜,62111,세종특별자치시 북구 반포대744로 13,정웅박연립 W동 556호,017-205-6914,subini@example.net
이중수,57834,대전광역시 도봉구 논현15로 지하305 (영자박김읍),은경오박연립 997호,017-896-4417,yeweon71@example.org
송정자,37044,광주광역시 성북구 강남대9길 99-58,성호양타운 051호,044-807-0830,gimhyeonjeong@example.org
백경수,66122,충청북도 양평군 개포길 964 (지원황마을),상철박배타운,053-294-0400,cunjai@example.com
김정호,54421,광주광역시 남구 가락00길 지하939 (민수김면),지혜김빌라 436호,051-082-4196,isunog@example.org
김서현,89177,충청북도 용인시 강남대가 514-76 (예지이읍),정남김노마을 S동 234호,019-292-0690,tgim@example.org
권미영,88380,강원도 아산시 테헤란88거리 833-41 (정식김면),성수박타워 758호,016-730-6227,minseogsong@example.com
김은정,34960,전라북도 가평군 가락길 755-62,성호윤연립,010-7603-7533,iminsu@example.net
김도윤,25930,경기도 동두천시 영동대로 845,미숙박박타워 364호,061-621-2158,wi@example.org
황정자,29837,광주광역시 북구 오금78길 554,지민고김마을,018-486-2378,vsong@example.net
이영철,37492,울산광역시 남구 언주거리 96-26 (병철신면),순자차아파트 220호,052-436-4256,jhwang@example.com
박진호,35032,전라북도 시흥시 개포거리 971,영일김타운 796호,044-533-5667,sgim@example.net
박광수,15604,충청남도 예산군 논현로 547 (현숙박마을),지아김타워 062호,054-313-3669,mi@example.org
이혜진,80668,광주광역시 동작구 가락45로 204 (지아송마을),종수조최타워,041-068-1979,ieunjeong@example.com
김예지,52140,대구광역시 마포구 삼성거리 128-82 (서현윤동),민준손빌라,033-456-5931,songyeongsig@example.net
손영식,99739,전라남도 포천시 역삼가 943-2 (정희이마을),은정윤타워 406호,054-293-8776,baegyeongja@example.org
홍정숙,49650,광주광역시 영등포구 역삼로 484-30,명자홍김아파트 336호,041-802-1189,oi@example.net
이서현,99129,전라북도 양양군 가락거리 522-3,상호안황아파트,053-378-0858,seongyeongsun@example.com
최영미,72400,인천광역시 동구 반포대80거리 946 (정웅송장동),은경서김아파트,016-568-4963,siuyu@example.org
이광수,97680,세종특별자치시 성동구 영동대가 136-75,우진김빌라 182호,051-468-2665,ihyeonu@example.net
이동현,75216,울산광역시 서초구 오금길 523-83,영철이김아파트,061-265-6814,ryugyeongsu@example.net
김예진,85943,세종특별자치시 관악구 논현836가 422-22,정자오빌라 J동 970호,02-2322-5085,hyejinbaeg@example.org
배은경,12780,부산광역시 마포구 테헤란7길 728 (현우김윤읍),서준지김타워 230호,017-365-9815,sson@example.com
박수진,01041,부산광역시 영등포구 강남대12길 811 (도현김김동),예지김마을 377호,061-755-2616,jaehyeoni@example.net
주아름,07334,울산광역시 강북구 백제고분로 657-91 (은영박박리),수진류연립 C동 052호,010-0507-0847,myeongsuggim@example.com
오재현,12069,인천광역시 중랑구 서초대537길 633-13 (지은이읍),재호한연립 687호,070-8052-6323,yunseo09@example.net
김지현,91754,제주특별자치도 영동군 선릉12로 416,은서문이타워,016-568-4736,seoyeonsong@example.org
이현숙,78679,부산광역시 강서구 논현로 246-26 (은경이김읍),지원김이연립 B동 823호,041-670-2739,iyeji@example.com
이도현,52789,경상남도 옥천군 서초중앙34길 956 (은서임박리),광수김문아파트,042-461-1335,cgim@example.net
박영길,69926,대구광역시 강남구 논현거리 772-75,서연박빌라 146호,019-047-7465,junyeongyang@example.net
이도윤,43456,광주광역시 구로구 압구정가 7 (민준김박읍),예지김노마을 737호,010-8179-7126,xgo@example.net
김경수,15041,경상북도 부여군 봉은사가 768-75 (서준박최마을),예원문마을 가동 435호,02-1947-1757,jiuyun@example.org
김은지,59197,강원도 안양시 선릉7거리 524-7 (하윤이읍),현지백오연립 928호,032-760-1230,ihyeonu@example.net
김도윤,04335,강원도 평택시 양재천1길 210-25 (지영박마을),은정김김타운 F동 584호,063-003-8634,jeongsig56@example.org
김준혁,95512,서울특별시 강서구 백제고분길 735 (하윤배최면),준호박조아파트,063-148-5000,ei@example.net
김영일,36646,대구광역시 남구 가락거리 244 (건우양동),옥자양아파트,070-4642-0371,gi@example.org
최주원,72239,경상북도 예산군 반포대길 지하214 (춘자김김리),영일류백타워,053-603-7011,simgyeonghyi@example.org
허성호,48542,울산광역시 서구 석촌호수거리 737,지우장김마을 J동 594호,032-761-2225,hyeonju51@example.com
김예지,55619,울산광역시 강남구 도산대05거리 943,미숙김양타워 S동 198호,061-675-8180,yeongjin50@example.org
이주원,03742,충청북도 고양시 역삼가 359-23,진우윤황아파트 560호,055-381-8813,eunjeong94@example.net
황정웅,27355,전라북도 구리시 봉은사가 8 (정순이이읍),영미이연립 12동 072호,055-244-0802,anjinu@example.org
이은주,96308,전라남도 삼척시 서초중앙045로 178-58 (은정오홍리),지아송마을,02-4555-6882,seongjingim@example.net
한서영,76362,대구광역시 동대문구 서초중앙32거리 지하746 (유진배면),현준배장연립 954호,062-057-1301,zjo@example.org
박성현,07578,서울특별시 서구 영동대가 400-38 (종수박면),정자박강연립 893호,041-335-7004,sangceolno@example.org
김경숙,98989,서울특별시 금천구 봉은사192거리 471 (진호권동),민준김빌라 I동 221호,019-201-8571,isangceol@example.org
이서윤,08729,제주특별자치도 화천군 강남대947길 688,정훈최연립 778호,054-499-9533,junhojeong@example.com
이재호,80061,제주특별자치도 진천군 압구정7길 842-19 (미영이이읍),성민이김타워 122호,054-644-4438,bagsiu@example.com
홍미영,92717,대구광역시 용산구 테헤란가 950 (준서김읍),성민최김타워,033-592-5582,ijiyeong@example.net
정은영,45331,경상남도 청양군 영동대거리 915 (경수최동),상현윤연립 D동 476호,011-880-8849,jeongja95@example.org
권정웅,29660,세종특별자치시 북구 선릉거리 337-56,지우김윤타운 780호,054-012-0568,gimminseog@example.net
김수진,51742,경상북도 예산군 삼성로 986,시우최우마을,016-010-4309,doyuni@example.net
송민서,34685,경상북도 원주시 오금44로 지하566,예지박빌라 608호,053-305-1651,gimhayun@example.com
김영진,23361,울산광역시 금천구 선릉2거리 634 (옥순최읍),도현김안연립 307호,055-336-2731,suminbag@example.net
최재현,53741,대전광역시 남구 양재천거리 650,승현류타워 다동 830호,02-7692-9777,yeongsu37@example.org
김미영,77150,부산광역시 은평구 반포대로 252,선영이백연립 232호,062-840-8118,yeongsuno@example.com
김윤서,38527,강원도 안양시 만안구 봉은사가 342,지후서이타운 990호,041-729-7692,hbag@example.com
김상훈,14226,대구광역시 은평구 잠실3거리 203,옥순김이타워 다동 871호,070-8314-5716,pgim@example.org
김지연,88629,충청남도 고양시 일산서구 언주길 477,병철송타운 T동 451호,032-917-9143,ihyejin@example.org
윤유진,10655,서울특별시 강동구 언주44로 701-75 (보람박마을),정자김연립 L동 249호,017-006-0760,snam@example.net
김수민,68894,전라남도 보은군 오금196길 지하652 (예원김손리),성현이타운 마동 624호,042-460-8473,gangjunhyeog@example.com
지수빈,75995,충청북도 천안시 서북구 석촌호수3길 658 (은영김면),은경박마을 056호,041-052-0787,sujingim@example.org
최준호,52919,강원도 부여군 반포대611로 388-36,아름이아파트,017-251-9718,ybaeg@example.net
김지현,72913,경상북도 보은군 언주길 지하121,상현박타워,043-264-6665,seongminha@example.com
김경자,50276,세종특별자치시 동대문구 영동대013길 353-21,숙자박이타워 P동 253호,043-951-0242,eungyeong68@example.org
엄채원,55964,제주특별자치도 청양군 백제고분17길 643-91,시우김김빌라 234동 791호,054-648-8213,egim@example.com
류지현,53762,강원도 김포시 잠실길 614-3 (명숙박면),영자이류아파트 나동 007호,011-800-2109,borami@example.com
고경희,76691,대구광역시 성북구 봉은사89길 649-53 (현숙이허읍),상호최김아파트,031-728-7795,gojia@example.com
박미숙,29477,경기도 보은군 삼성80가 869 (재현주이리),영식이김마을,031-953-2870,jieun15@example.net
이중수,99401,광주광역시 서대문구 개포로 500 (도윤김면),경숙김타워 345호,055-039-8099,yeeunbaeg@example.org
오성수,58684,광주광역시 남구 선릉로 지하500 (영호배면),성민우김연립 377호,032-856-8192,yeongilgang@example.com
남지아,95892,광주광역시 동구 역삼길 687-24,상철김류타운 294호,055-552-8660,gwangsugang@example.net
김채원,21668,강원도 용인시 처인구 도산대로 934 (진호김마을),예준이백타운 다동 629호,053-344-8159,yejin37@example.com
이상호,30719,부산광역시 금천구 선릉046로 268,정웅김마을 다동 437호,070-9693-6971,seongsu61@example.net
황춘자,11099,서울특별시 북구 가락1길 884 (준혁김마을),준서오한타워,042-187-5259,ri@example.net
이윤서,97087,대구광역시 강북구 역삼가 261 (성수김읍),지후윤이타워 433호,043-064-6493,seonghunhwang@example.org
김정식,09610,경상남도 안성시 학동로 435-86 (수민김면),성진심타운 571호,032-194-6073,yejunhong@example.org
장주원,30901,충청남도 계룡시 선릉가 지하816 (서영이마을),정호김연립,016-989-1549,minmiyeong@example.com
김수진,62589,대구광역시 북구 잠실로 830-97 (지훈김임읍),현숙이타운,033-788-3419,ji@example.com
이중수,34150,경기도 양양군 양재천거리 511-56,상현김최연립,055-974-8657,suminan@example.com
허옥순,70151,서울특별시 서구 역삼가 678-99,준영김빌라,018-333-2134,ogja80@example.org
조성호,62835,제주특별자치도 서천군 서초대270거리 208 (지은박박읍),수민김타운,063-004-8322,icoe@example.com
김서윤,93444,경기도 부여군 양재천5길 354-60,현숙이아파트 904호,044-224-1397,yeeunnam@example.net
한미영,06380,대구광역시 서대문구 압구정거리 367-47 (명숙김이리),영숙윤박아파트 714호,043-084-8152,gimyeongsug@example.net
안영길,29869,충청북도 성남시 삼성거리 725 (채원김면),선영심타운,063-556-3839,cyun@example.com
박지원,21466,전라남도 시흥시 논현길 394-50,준서이김타워,011-735-1064,simseoyeong@example.com
고정호,12724,서울특별시 양천구 선릉56로 60-67,은지류타워 P동 084호,019-461-9294,bagseonghyeon@example.org
김재현,69011,경상남도 안산시 서초대83가 961-25 (영희박동),현우지타워 라동 461호,070-9215-8982,jeongho44@example.com
안지후,42975,서울특별시 도봉구 백제고분거리 지하476,보람김장빌라 Q동 737호,062-906-7446,eunyeong43@example.net
김선영,04389,인천광역시 서구 서초대98거리 726-49,성수나아파트 Q동 384호,041-841-6964,seonyeong28@example.net
김아름,12407,전라남도 여주시 서초중앙7가 912,성진이이타워 737호,019-240-3462,cbag@example.com
이재현,99085,광주광역시 은평구 서초중앙233길 516 (순옥성이마을),서윤이타워 Q동 672호,064-742-2083,yeongilmun@example.org
최주원,87776,울산광역시 양천구 서초중앙가 656 (은지안읍),영길박빌라 040호,042-563-0343,jihyeonhong@example.net
김현지,19310,충청남도 청주시 서원구 학동가 167-75,영일민아파트,044-221-1918,hyeonjunyun@example.com
안경희,86699,광주광역시 서초구 압구정길 지하488,서연최아파트,044-443-2754,minjun87@example.org
남정웅,66145,전라남도 광명시 석촌호수로 237 (채원이면),성진최마을,011-789-5062,jeongsubag@example.net
곽정식,53708,강원도 안양시 선릉0로 595 (영희박리),수민이한아파트 717호,02-8665-4489,minsu28@example.org
박민재,98340,제주특별자치도 청양군 강남대가 291-46 (정남배동),순옥박타워 971호,017-841-2102,donghyeon38@example.net
박지아,37438,울산광역시 구로구 강남대거리 282-20 (서영이김마을),우진문남타워 361호,070-4267-3829,jungsujo@example.com
김진호,21959,울산광역시 강동구 석촌호수가 782-53,춘자이타운,044-609-9747,hyeonjigim@example.org
이지민,52468,경상북도 속초시 반포대가 331,준영장김타운 V동 035호,063-983-9120,jaehyeongim@example.com
김영식,95320,전라남도 성남시 학동1길 지하301 (영미장최동),예원이빌라,016-260-6127,eunyeonggim@example.com
이은정,50996,대전광역시 용산구 삼성거리 303 (영희김김마을),종수노최아파트,016-479-9395,iogja@example.org
김영수,22148,세종특별자치시 동구 가락755거리 887-83 (성진차김읍),예원최빌라 M동 276호,042-727-6458,yangdohyeon@example.org
박영환,06146,경상남도 고양시 일산서구 반포대924길 지하672 (진우김면),상호김이타워 G동 187호,017-480-9656,yeongsugbaeg@example.net
신미숙,64827,울산광역시 중구 양재천가 636,경수박아파트 S동 531호,018-580-8104,bagyeongsig@example.net
이정웅,27290,전라북도 증평군 봉은사가 273 (영길김리),순자홍김아파트 K동 548호,062-959-6057,munjihye@example.com
고민재,97037,충청북도 아산시 테헤란거리 지하66,경희이타워 라동 286호,070-8630-4359,gimboram@example.org
최수진,82781,전라북도 논산시 삼성길 731 (동현서김마을),종수이빌라,02-7701-2647,eunju49@example.com
박하은,17482,인천광역시 구로구 선릉거리 797,지후이연립 922호,055-989-9111,fgim@example.org
이재호,50249,광주광역시 동구 압구정로 171-40 (상철이읍),지연류이연립 J동 434호,052-309-7514,vgim@example.org
우민재,46744,울산광역시 마포구 선릉620길 지하554,우진오마을 378호,054-248-7579,zbag@example.org
장민서,57746,충청남도 연천군 압구정438가 285-40,명자이타운 730호,043-090-7856,gimmigyeong@example.org
김우진,19552,대전광역시 관악구 가락가 86 (성수김김마을),정호김마을,033-415-6972,misug23@example.com
류상현,93955,경상남도 파주시 압구정길 498-16,상현배연립 N동 191호,016-490-5512,jeongsigson@example.org
조지영,55888,전라북도 포천시 학동로 827,예진이김아파트,010-4268-7182,seohyeonryu@example.com
권수민,57332,전라남도 원주시 서초대5로 630-83 (정순송김읍),준혁김김아파트,031-432-2960,jyun@example.net
송지후,25261,인천광역시 노원구 서초중앙거리 99-15 (주원박김마을),수빈성연립 P동 866호,018-009-0615,eunyeong63@example.com
황명숙,28421,경기도 수원시 영통구 봉은사로 653 (민수이동),지연엄타워,016-899-6043,ci@example.net
조재현,58983,서울특별시 은평구 도산대로 474-16,서윤하오타운 207호,054-991-4527,jeongsu71@example.com
이하은,29302,광주광역시 강남구 도산대거리 210,은경이최아파트 535호,019-647-0799,jojunhyeog@example.org
장영환,12555,광주광역시 북구 학동6로 지하700 (성진허면),미경양연립 283호,051-161-5896,iareum@example.net
고건우,49920,세종특별자치시 송파구 도산대322길 363 (영숙정최마을),채원박빌라,018-385-1266,jeongja72@example.org
손정남,79566,서울특별시 노원구 학동가 650-12 (옥자김리),명숙김최타워,011-023-6066,seonghyeon64@example.net
정옥자,06525,경상북도 가평군 잠실로 899,숙자이박타운 129호,031-267-5433,ojongsu@example.com
나영수,34860,인천광역시 성북구 오금6로 582-55,유진최박마을 802호,011-304-3197,junho20@example.net
황재호,60046,대전광역시 남구 서초대214길 44-97 (성진홍박동),정훈최빌라 N동 605호,02-4669-6096,sgang@example.com
장영길,86918,광주광역시 마포구 서초대74길 지하806 (옥자박김면),상호김아파트 196호,044-750-8384,yujin16@example.org
박승민,45528,충청남도 강릉시 논현1거리 776-36 (은영안동),동현손류아파트,016-000-7856,jihyeon75@example.net
최경희,37843,대구광역시 마포구 백제고분7거리 지하900 (경숙송김동),수진이김빌라 R동 551호,070-9615-8986,byeongceolgang@example.net
김유진,56929,인천광역시 강북구 양재천가 781 (지연이강면),재호임연립 J동 766호,043-753-7402,jihui@example.org
유지우,90347,부산광역시 송파구 도산대99길 36,영수김연립 T동 266호,017-903-6326,gimyeongjin@example.net
김영희,22738,울산광역시 양천구 도산대976길 941 (영수최면),성호김타운,02-4501-4247,seonghun66@example.org
홍상훈,16142,충청남도 수원시 백제고분3가 315-70 (현준손이리),현주김타운 V동 309호,061-469-5875,iyeongmi@example.net
차영길,03416,광주광역시 서초구 역삼615로 598,옥순이최타운,02-8762-3652,zgim@example.com
박경숙,77922,경기도 논산시 선릉거리 233 (춘자박읍),재호윤마을,011-031-2555,rno@example.com
김채원,61888,세종특별자치시 서대문구 봉은사길 817-99,준호김장빌라,032-982-0053,siu59@example.com
김선영,91559,광주광역시 양천구 역삼8거리 118 (예준배마을),수빈배타운,017-748-8143,pbag@example.net
유지우,27699,광주광역시 강동구 역삼거리 921-5 (영식문최면),정호윤마을 W동 317호,054-249-2260,jeonghyigim@example.net
차성진,36329,울산광역시 송파구 가락9로 416-89,순옥박김타운,054-523-5865,sunja42@example.org
김영철,80730,대구광역시 관악구 논현47가 690-69,도현김신마을 A동 574호,033-884-4806,sanghyeoni@example.org
한은경,50900,충청북도 오산시 반포대가 84,상호민박아파트 251호,041-353-5752,sjo@example.net
박시우,49646,인천광역시 광진구 도산대가 295-6,지훈민장빌라 A동 670호,043-073-3749,mgim@example.com
이서연,82762,대전광역시 용산구 봉은사5길 297,보람김이아파트 611호,017-898-0156,sugjagim@example.org
김지우,77119,대구광역시 은평구 역삼길 648,경수권타워 N동 067호,017-909-8613,jgim@example.com
황광수,06586,경상북도 부천시 오정구 석촌호수7가 149 (순옥심마을),상호박남타운,041-920-8269,yangyeonggil@example.org
김승민,38991,경상북도 고양시 논현976로 517 (수민박면),상호허타운,054-900-7500,icunja@example.net
김서영,91964,부산광역시 종로구 석촌호수31거리 지하806 (영길김리),예진오이타워 936호,044-826-2944,vryu@example.com
배시우,92521,경상남도 안양시 서초중앙4가 871,은영김이마을,053-975-8404,jinui@example.net
박서준,83763,대구광역시 중랑구 선릉967거리 510-1 (옥자문홍리),민준박아파트 X동 610호,051-658-6242,cbag@example.com
이영희,59870,충청남도 이천시 도산대가 96 (영길안민마을),성진이빌라,018-545-8707,gyeonghyi14@example.net
황민재,82440,전라북도 부천시 원미구 도산대657가 182-47 (순옥한리),주원최김연립 722호,031-364-0375,jungsugim@example.com
김은주,38250,광주광역시 노원구 학동1가 109,성민허연립 V동 876호,070-5173-2514,jungsu98@example.net
송현정,27166,경기도 부여군 학동거리 345,정훈이이연립,010-6965-9741,sangho24@example.net
이진호,91202,대구광역시 양천구 잠실거리 736-2,민서김이타운,044-101-9091,jia65@example.net
노영길,00791,강원도 철원군 역삼353길 119-41 (선영박읍),시우권김연립,041-058-9324,seominseo@example.org
박아름,54714,부산광역시 중구 테헤란53길 846 (광수조김면),동현김아파트,017-164-2313,coehyeonjun@example.net
배순옥,02466,경상북도 안산시 상록구 서초중앙가 255-68,병철하타워 라동 823호,017-818-2154,gweonjiyeon@example.org
엄경희,42911,전라북도 아산시 반포대563거리 30-93,명숙서이연립 B동 206호,064-732-6270,subingim@example.org
최경희,48260,전라남도 용인시 처인구 가락63로 143,지현장이마을,064-793-8807,doyunsim@example.org
김주원,39188,부산광역시 강북구 학동62길 889-30 (현지박안면),민준장황마을 025호,010-8770-4580,cunjaan@example.org
김서현,39002,제주특별자치도 용인시 기흥구 언주거리 937,은정윤오빌라 R동 292호,011-761-2884,jiu15@example.net
김경자,23721,대구광역시 서초구 가락91거리 335-21,정수이타운,031-812-5331,sgim@example.org
김미정,98408,경기도 성남시 도산대길 194,성민고류연립,061-766-3877,bagbyeongceol@example.com
남영진,82831,인천광역시 동작구 서초대650가 971-99,준호윤박연립 F동 064호,041-929-4805,ugim@example.net
류성현,76750,제주특별자치도 공주시 테헤란길 지하645 (미정조읍),영진한타운 E동 928호,063-533-8967,hyeonjeong61@example.com
박서현,90751,제주특별자치도 단양군 언주가 22,재호박타운,018-904-5605,cunjai@example.org
서준호,74479,경기도 부천시 원미구 학동거리 377-91 (미경조면),옥순이아파트 C동 091호,010-6042-8218,ugim@example.net
윤혜진,92252,전라북도 청주시 흥덕구 봉은사거리 지하761 (지현하심마을),도현김타운 P동 541호,070-5295-5964,eungyeong95@example.org
이우진,81391,경상남도 안양시 동안구 반포대가 874 (아름진이면),건우오아파트,051-960-2868,mijeongi@example.org
최명숙,92638,광주광역시 관악구 서초중앙919로 271,영환김연립 Q동 404호,043-533-3102,junseogim@example.com
김준호,89750,세종특별자치시 중구 역삼거리 921-25 (정호김읍),지민김연립 N동 202호,062-529-2104,yca@example.org
김예진,81559,대구광역시 노원구 도산대6로 748,정수이연립 566호,010-5841-3222,yeongja74@example.com
오재호,63060,부산광역시 서초구 학동로 554 (은서김김읍),우진이이마을 615호,016-742-9724,gangsiu@example.net
김재현,84499,전라남도 용인시 수지구 삼성5길 9-66 (지은이읍),현숙홍타워,017-330-1040,yeweonjeong@example.org
이예준,01146,광주광역시 성동구 강남대로 212-28,민석이김연립,032-169-8305,hyeonji73@example.com
박재호,64892,제주특별자치도 수원시 학동3로 지하704,현정박타운 Y동 402호,070-1141-8512,ncoe@example.net
김예지,91605,인천광역시 종로구 학동0로 392,민지송빌라,064-741-6790,hyeonjeong00@example.net
송시우,35436,세종특별자치시 은평구 압구정574길 150,정훈김연립,064-770-3948,yunareum@example.net
장준영,56420,경상남도 강릉시 압구정081가 910,현주김안연립 34동 407호,031-033-7234,sgang@example.net
김은정,39679,전라북도 제천시 강남대54로 131-90,은경이장마을,031-628-5965,jeonghun09@example.org
한순옥,99247,대구광역시 강동구 봉은사79가 533 (영철송읍),주원강타운 414호,02-6107-3618,migyeong73@example.org
문은영,18408,경기도 청양군 개포길 지하713,재호이연립 667호,041-143-5201,seonghyeoncoe@example.org
임현정,20628,제주특별자치도 논산시 언주9길 467-47 (상호이읍),준혁박김타워 L동 180호,053-573-6709,eunyeong81@example.net
김지현,58139,대전광역시 양천구 반포대로 951-39 (영식이동),승민김타운 375호,053-373-8395,ro@example.com
허중수,56493,전라북도 계룡시 서초중앙로 459-2,지민황타워,042-563-8777,sugjabag@example.net
박춘자,65839,대전광역시 북구 봉은사94길 327-45,현숙유이빌라 553호,063-001-1091,sugja50@example.net
윤재호,43031,세종특별자치시 금천구 석촌호수7로 8,상훈이빌라 Q동 231호,043-104-3644,jeongsu65@example.net
김순옥,42904,충청북도 청주시 흥덕구 언주거리 181 (지민김리),은서김김타운,051-114-4916,njo@example.com
김도윤,90425,광주광역시 노원구 삼성거리 839 (보람한읍),성현김아파트,032-510-2933,jihumun@example.net
이지은,31434,서울특별시 남구 백제고분거리 지하292,예지김타워 K동 322호,063-195-6522,yeonghwan46@example.com
이상철,05284,세종특별자치시 남구 역삼5거리 50,영자이타운,055-461-4627,ii@example.com
민예준,30309,전라남도 가평군 오금92길 558 (현지이장면),준혁이황아파트,019-475-4071,hyeonji87@example.net
백성진,78273,경상북도 삼척시 역삼200길 867-12,혜진김허타운 J동 311호,052-194-7608,seojeonghun@example.net
박지후,87959,세종특별자치시 강북구 석촌호수로 278,진호김타워,070-1154-4785,caeweon64@example.org
강예원,15643,울산광역시 마포구 봉은사길 962,경희김빌라 J동 438호,017-744-1114,yeonggili@example.com
이영식,98174,세종특별자치시 마포구 강남대7로 553-32 (혜진김면),영일우마을 897호,019-843-0052,ujang@example.com
손현숙,72642,대전광역시 강서구 봉은사113로 770-58 (유진지이면),성훈차연립,064-791-4272,caeweon19@example.net
최정훈,51910,인천광역시 강북구 압구정471가 776 (영미나면),현숙김아파트,052-332-3117,gweonyeonghwan@example.net
김재현,63701,서울특별시 북구 서초대478가 640-45 (윤서안면),숙자임김연립 456호,043-529-8980,seongsu63@example.net
이지원,13638,광주광역시 관악구 도산대9가 470-96,은영구최타워 633호,011-584-9539,seungminbag@example.net
문종수,66058,인천광역시 용산구 반포대가 504-18,현주이빌라 835호,010-8351-1248,sanghyeongang@example.com
류민수,24365,제주특별자치도 시흥시 영동대9가 308 (영길김마을),서영김류아파트 385호,017-774-1544,minseonghyeon@example.org
박은경,94456,대전광역시 송파구 석촌호수길 480-15,은경오민빌라 024호,053-637-0956,jaeho08@example.net
이준영,38233,강원도 양양군 선릉길 지하454 (병철윤동),현우박타운,02-0681-0177,caeweoncoe@example.com
윤상호,46491,세종특별자치시 용산구 도산대길 597 (윤서이이동),영진한김타운 175호,042-380-4063,sumingim@example.com
김준서,70305,대구광역시 성동구 영동대261가 453,예원박타운 라동 045호,062-340-0091,ban@example.org
이영환,88945,부산광역시 금천구 개포12거리 169,지민황김빌라,053-711-9587,seohyeongim@example.net
김지연,54955,전라남도 청주시 상당구 반포대79거리 319-38,경자정한아파트 다동 117호,042-865-9425,minseogi@example.net
고지연,75252,대전광역시 북구 석촌호수길 407-62,선영이이연립,016-924-5051,ogsun34@example.org
안예은,80266,전라북도 금산군 도산대84길 990 (시우최읍),승현배장연립 R동 327호,019-523-9216,gimseungmin@example.com
윤영식,06855,강원도 논산시 봉은사8거리 지하321 (현숙류강마을),미정한최타워,044-433-5008,gangminjun@example.com
구시우,41830,충청남도 양주시 삼성87로 15-1,영자하이아파트,018-883-9155,gimjiweon@example.org
장순옥,74517,인천광역시 마포구 가락거리 834-16,준서박아파트 904호,063-776-9178,hongjeongho@example.com
박현숙,42491,제주특별자치도 음성군 테헤란05거리 668-85 (상호장마을),민재홍빌라 263호,041-221-2438,yeonghogang@example.org
박정남,50989,대구광역시 남구 선릉가 428-8,지아임타운,019-812-9240,gyeonghyi98@example.org
류영진,59773,충청북도 청주시 흥덕구 백제고분790길 지하587,민재김박연립 J동 959호,042-129-2016,seongmin27@example.com
이준영,85494,경기도 평택시 삼성거리 597-54,보람유이아파트 720호,019-287-7056,pgim@example.net
이영숙,72377,대전광역시 마포구 양재천로 209,현주엄빌라,010-3299-3745,bagyeonghyi@example.com
김수진,12504,전라남도 고양시 일산서구 반포대길 375 (하은이박읍),수민최연립 156호,044-124-0577,minji19@example.org
오명숙,51628,충청남도 의정부시 석촌호수로 294,동현윤이마을 H동 954호,063-203-6180,hyeonjugim@example.com
박하은,78376,인천광역시 영등포구 가락거리 471-85,영미고고마을,017-861-0554,hayuncoe@example.com
임준영,02181,강원도 서산시 영동대1로 899-75,정훈엄박타운 584호,061-742-9773,jiweon62@example.com
권서연,85390,세종특별자치시 동작구 영동대95가 371 (승현김읍),은지이연립 라동 587호,041-387-8668,jaehogim@example.org
지수민,35654,인천광역시 도봉구 역삼47로 650-84 (춘자이동),서연홍한아파트 바동 908호,02-8997-3731,gimmiyeong@example.net
이명자,69476,전라북도 동해시 양재천727가 지하56 (정호최면),중수오김타워 L동 611호,054-534-5524,anjimin@example.org
류상호,04017,경상남도 여주시 영동대72로 329-7 (지은박읍),지영홍타워 05동 382호,061-480-0771,jeongjai@example.com
오지연,04810,서울특별시 종로구 양재천가 789 (준혁이리),하은김류아파트 059호,041-626-1463,jeongja70@example.net
최승민,05637,충청북도 고양시 덕양구 삼성13거리 122-20 (서현이서면),지원서빌라 J동 681호,062-857-9928,yujinbag@example.net
김민준,01856,세종특별자치시 강북구 언주206길 850 (미영황면),순자김연립,02-0284-9290,lbag@example.net
정지영,06620,경상남도 영동군 오금126가 413-98 (광수손동),준혁조타워 217호,061-151-4112,gimjeongho@example.org
이현정,52012,경상북도 천안시 서북구 테헤란846거리 507 (지연김읍),성진권최아파트 808호,010-0460-2562,ygim@example.com
이준혁,86309,세종특별자치시 중랑구 양재천길 280-9 (주원최박리),예지류강연립 347호,019-492-2632,sunja36@example.com
노영일,96146,충청남도 의왕시 잠실08길 545,현지정김아파트 920호,02-8033-6673,minjibag@example.com
황재호,62581,경기도 정선군 삼성로 987-9 (은지배최읍),정웅박오타워 Z동 238호,061-354-5877,seunghyeon92@example.net
이민지,10458,경상남도 서천군 개포길 234-45,성호이서타워 S동 881호,041-967-9761,si@example.net
배현준,86461,강원도 용인시 처인구 학동거리 지하447 (상훈주지면),명자주이연립,044-686-5430,seonghun83@example.org
박상훈,10872,부산광역시 도봉구 역삼거리 601,준혁박타운,017-309-2810,ijungsu@example.net
김현정,05600,충청남도 군포시 반포대8가 810-17 (현지김읍),정호박빌라,055-861-5092,zbaeg@example.net
김순옥,43378,대전광역시 서구 논현거리 632 (정웅김리),미숙나손아파트,061-609-0402,gimminseog@example.net
이준서,09969,세종특별자치시 용산구 도산대가 544-14,주원김빌라 080호,044-984-2430,yeongceol87@example.net
이우진,19343,서울특별시 서대문구 영동대거리 698 (경자최이면),진호김타운 384호,062-530-2546,jia28@example.org
박명자,11375,경기도 홍성군 개포거리 273 (정자박황마을),예지장신타운 737호,044-966-6655,gangseongho@example.com
장영철,22838,제주특별자치도 영월군 삼성길 418-15 (성수백동),정훈이빌라 145호,019-630-8214,yujinyang@example.net
장경희,81083,제주특별자치도 파주시 오금537가 829-46 (정희김김마을),은정이빌라 O동 820호,031-287-2110,jinho71@example.net
황서준,88486,충청북도 예산군 봉은사거리 747-10 (도윤박리),지은민송타워 바동 208호,062-449-1165,gyeongsu22@example.net
배영미,64053,충청북도 양평군 삼성길 708-56 (옥자진마을),영미김윤타워 M동 538호,016-369-1166,guboram@example.net
김예준,46169,대전광역시 은평구 삼성길 지하150,미경송나타워 475호,055-007-1099,vseong@example.com
최지영,05392,대전광역시 양천구 테헤란길 257-82,영진이백마을,018-799-0099,sanghyeon15@example.net
강영진,05758,충청북도 고양시 일산동구 강남대969길 216-97 (성진이고동),영숙김김연립 B동 696호,017-158-1157,jieun64@example.net
권광수,43444,전라북도 천안시 서북구 가락01길 42,준혁최송타운 I동 951호,064-725-0177,jeonghuni@example.com
박광수,15368,충청북도 안양시 만안구 강남대길 108,정희박김마을 바동 334호,054-099-2536,hyeonjuryu@example.net
박지우,54653,강원도 옥천군 역삼425가 830,미정윤타운 D동 438호,064-700-3414,gangdoyun@example.org
홍정훈,64176,경상남도 용인시 처인구 가락01가 587 (진우김김면),지민이타워,011-307-8460,kcoe@example.org
김정자,60819,인천광역시 서구 압구정로 468-78,현지이타워 G동 083호,070-3862-1013,seohyeon10@example.com
박영호,75374,전라북도 화천군 역삼994로 970-48 (정훈손리),지원이연립 I동 331호,062-557-0361,ogsun46@example.org
박준호,99846,서울특별시 노원구 봉은사로 953,지영박연립 가동 875호,064-731-2988,tcoe@example.org
박정자,10767,전라북도 강릉시 테헤란거리 838,영수김타운 나동 764호,02-7960-5523,cgim@example.net
이상철,14692,울산광역시 성동구 서초중앙00로 944,유진김이타워 336동 997호,033-177-7982,yeongceol00@example.org
김재현,78322,부산광역시 중랑구 언주714길 지하461,지연장연립 593호,061-015-2728,jeongja15@example.com
안명자,16999,전라북도 의정부시 반포대5가 지하429 (선영곽읍),수진김황타운 552호,02-7563-0561,gangyeonghwan@example.net
김경희,48650,인천광역시 도봉구 논현223길 709-9,현주김타워 B동 477호,053-544-6791,igim@example.net
이민재,24208,대구광역시 강북구 언주거리 915-9,준혁이박아파트 575호,055-411-5976,sujin84@example.org
이현정,46275,울산광역시 구로구 삼성16길 640-37,예지이김마을 927호,042-052-2596,obaeg@example.org
이준영,58215,인천광역시 강북구 테헤란로 884,예준김백빌라 T동 537호,031-745-0988,miyeongan@example.org
김주원,01653,경상남도 부천시 소사구 개포가 6,민재김타운 P동 465호,055-906-9182,gimminsu@example.org
김수민,52071,대전광역시 북구 삼성거리 지하182 (성수장동),현정김아파트 S동 484호,032-093-6157,cgim@example.com
김은주,14239,대전광역시 동대문구 테헤란거리 895,민준한빌라,031-635-2885,gwagyeji@example.org
최민서,63040,전라북도 영월군 강남대길 지하98,지혜박문빌라 997호,016-291-7277,yeongceolhong@example.com
김현정,21584,경상남도 청양군 논현길 233,영미박빌라 035호,055-702-8751,seoyeong14@example.net
장영일,06011,경상북도 수원시 권선구 봉은사가 805,정남오서아파트,042-700-5431,myeongja54@example.com
이영자,36084,울산광역시 북구 가락로 920-58,상호박마을 672호,017-257-9096,gimyeonghyi@example.org
장채원,74396,광주광역시 강동구 개포665로 126-73,성호오연립 728호,018-086-4704,eunseo21@example.com
김정호,92078,서울특별시 관악구 잠실7로 987 (수빈김동),예은최김타운 N동 062호,042-247-9626,gimjeongsun@example.net
황정수,55034,경상북도 가평군 도산대가 484 (미영차김면),현지최서타워,062-804-6512,lsim@example.org
이은영,56251,경상북도 양평군 반포대거리 954 (현지김읍),정숙최아파트,017-160-4803,myeongjabag@example.com
김상호,35673,경상북도 태백시 선릉길 928-38,지후강박빌라 933호,063-921-9230,jeonghoi@example.com
김예은,84170,경상북도 당진시 봉은사6길 751 (경수임리),성수박전연립 211호,017-847-8179,jeongsig56@example.org
박민석,88141,세종특별자치시 강동구 테헤란길 522 (순옥박김면),건우백연립 386호,062-049-0637,sunja89@example.org
황성진,25364,인천광역시 도봉구 도산대067길 138,지우김김연립 X동 627호,044-942-0523,seoyeon03@example.com
최광수,70936,부산광역시 서초구 서초대60거리 987,예준윤황아파트,032-795-5975,bagjeonghun@example.com
김경수,86558,광주광역시 은평구 언주071로 638,미경김이마을,011-335-9514,myeongsug81@example.com
권성진,02963,대구광역시 용산구 개포487가 475-77,경희손타운 O동 883호,043-295-9828,oseo@example.net
이우진,14939,광주광역시 구로구 서초중앙7로 382-7 (은영김동),보람안마을 479동 998호,053-933-0015,yeongceolgweon@example.com
장경희,78109,광주광역시 도봉구 잠실095로 117 (준영최읍),현준김박아파트,041-912-7785,bagjunseo@example.org
박민재,67109,서울특별시 은평구 봉은사거리 130,예지김타운,042-410-8858,fi@example.com
노병철,24489,충청남도 홍성군 언주가 246-48 (성진박주읍),성수박이타워,02-1431-3410,seungmin85@example.net
이예준,31422,부산광역시 송파구 석촌호수189가 지하440,건우김강연립 370호,064-702-8961,jeongnami@example.com
윤상호,00770,전라남도 안산시 상록구 개포7길 152 (성현이배마을),지우김빌라 B동 213호,041-928-3771,mijeongbag@example.net
김영환,16218,경기도 서산시 봉은사로 516 (상철고최마을),영일하임타운 557호,019-216-5884,yeweon67@example.net
정현주,51538,광주광역시 영등포구 오금0로 448 (옥자김리),지민김곽아파트 493호,055-206-3303,igim@example.org
김재호,18650,광주광역시 광진구 가락가 102,진호박연립 A동 134호,053-963-7829,ei@example.org
박종수,76106,경상북도 음성군 학동996가 지하600 (미영최최동),성수구배타워 088호,055-776-8145,jinjiu@example.org
이순자,43567,대전광역시 중구 강남대131길 지하222 (병철김리),현숙이연립 가동 809호,02-1904-8972,yeongsugna@example.net
류승민,17057,부산광역시 중랑구 석촌호수거리 지하2 (상현서동),예은배타워 P동 151호,044-337-4923,jeonghyigim@example.com
이민서,00830,경기도 화성시 삼성거리 289,예준엄빌라 V동 579호,019-237-3023,eunjihwang@example.net
송예원,15370,충청남도 청주시 흥덕구 봉은사길 145 (민서김동),순옥홍빌라,051-984-3493,seongjinyun@example.org
박승현,13583,울산광역시 성북구 석촌호수944거리 185,미숙백류마을,051-535-3082,yeonggil66@example.com
이예준,47123,대전광역시 구로구 삼성79가 지하307,민지김박타워 E동 541호,019-743-5428,jbag@example.org
김상현,23866,세종특별자치시 서구 압구정가 387,서준김아파트 X동 912호,064-797-2778,yi@example.net
김진우,85282,충청남도 하남시 서초대거리 518-97 (성훈이동),지민박아파트 300호,051-352-3644,hgim@example.com
이승현,19081,세종특별자치시 용산구 삼성284거리 88-50,병철이연립,016-807-3593,jaehosong@example.com
이수민,27761,대구광역시 동작구 논현550길 256 (지후김최리),상철김노마을 343호,031-414-3513,agim@example.com
류민석,14838,울산광역시 도봉구 역삼56가 296-60,정웅이연립 730호,016-747-8584,namyujin@example.com
강경자,94389,세종특별자치시 강남구 개포거리 861-22,현준박이아파트 22동 986호,052-930-3618,iujin@example.com
박은지,49004,울산광역시 광진구 삼성87거리 10 (미경이면),지우김한연립 가동 306호,064-788-1709,zi@example.com
김유진,72874,대구광역시 강북구 도산대가 644 (병철최지마을),옥순김타워 다동 678호,062-599-4140,yeonghyi54@example.org
이정호,43486,인천광역시 은평구 압구정거리 289 (정웅홍최면),진우김타워,010-0327-8674,coejeongnam@example.com
황진호,08115,부산광역시 중구 역삼길 지하70,정식이남타운 230호,031-437-1423,seoyeong18@example.net
김건우,87129,충청북도 안산시 상록구 도산대97로 819 (중수조안마을),중수김마을 Z동 936호,02-8927-1539,ogja64@example.org
최서준,01512,제주특별자치도 태안군 양재천길 201,서윤양문마을 R동 911호,02-0865-4865,seoyunjang@example.org
김순자,60417,제주특별자치도 가평군 삼성가 562-84,은주김정타워 I동 142호,051-887-3720,chan@example.com
박정남,74500,경기도 이천시 강남대로 182-2,도현이타운 347호,063-542-9009,amin@example.org
이옥순,36392,제주특별자치도 예산군 서초중앙거리 지하654 (영자허마을),미경김연립 707호,043-001-9199,sangceol66@example.net
이중수,75087,강원도 부여군 테헤란612거리 지하34,현숙박박빌라 894호,041-139-6946,junhyeog94@example.net
하성민,86430,서울특별시 송파구 강남대657로 14 (승현김리),숙자주타워 U동 334호,055-732-8911,hyeonjeong48@example.com
김영길,22407,울산광역시 송파구 개포3거리 494 (민석백읍),은정박황연립 201호,061-255-0086,yeeun92@example.net
김성진,52688,부산광역시 서대문구 반포대거리 565,옥순박박타운 I동 788호,053-339-8011,minseo75@example.net
박민재,05453,경기도 예산군 가락로 535-61 (은서류오리),준영김마을 U동 506호,031-231-3608,ieunseo@example.org
이민석,74535,제주특별자치도 고양시 일산동구 봉은사5길 68,정식최박타워 058호,054-278-4922,yeongsu90@example.net
조성호,64483,제주특별자치도 삼척시 석촌호수거리 926-72 (성현김권면),현정류김아파트,018-712-2036,yeongceolcoe@example.org
서성호,48009,울산광역시 동구 도산대812거리 415-98,수빈한빌라 108호,019-129-7527,gimdoyun@example.com
하영진,01611,서울특별시 노원구 도산대08거리 833,지우정연립 L동 427호,055-528-4477,eungyeong28@example.net
황서윤,34733,세종특별자치시 동작구 반포대089가 지하552,민서이타운 O동 384호,052-790-4909,zbag@example.com
강성현,88365,부산광역시 강남구 압구정가 434 (지후최김동),성진문나연립 904호,017-495-3058,thong@example.com
이민지,04536,광주광역시 성북구 서초중앙로 642 (민수서권마을),성민김황타운,054-847-2634,hyejin19@example.com
이상철,04249,경상북도 포천시 서초중앙642거리 165,지후김류타운 A동 923호,041-750-4661,donghyeongim@example.org
양준혁,16307,인천광역시 은평구 가락로 869 (하은김김면),수민김이빌라 998호,051-652-6106,heohyeonu@example.net
김영일,27358,경상북도 수원시 영통구 영동대로 226 (춘자지이면),지우류장마을 F동 886호,017-252-3834,gimsunog@example.org
김정희,40386,경상북도 수원시 권선구 테헤란거리 560 (영숙하마을),재호김타운,051-523-3638,yeongsughan@example.com
김영자,69233,경상북도 부천시 원미구 영동대로 325-57 (선영송김면),지현강권아파트 031호,032-508-6951,seunghyeongim@example.org
민순자,21917,대전광역시 종로구 압구정58거리 642 (예준김면),영수권윤타워 가동 709호,054-451-6236,gsin@example.net
박경희,00793,충청북도 광명시 압구정9로 90 (민석장읍),영순백김빌라,053-238-3205,li@example.com
송준혁,62949,강원도 용인시 기흥구 역삼3로 694 (경수이안읍),정희이안마을 073호,02-8190-1929,seojunyun@example.net
오예원,45729,대구광역시 강남구 백제고분가 305-11 (정호권마을),수빈이양연립,02-0342-4744,hyeonugang@example.net
최경숙,20979,경상북도 횡성군 서초중앙로 743 (지후송김읍),춘자윤백아파트 307호,018-633-3841,sanghun99@example.com
김서윤,43761,경상북도 음성군 선릉0가 125 (미숙김최리),정남김마을,041-634-2892,jiyeong65@example.net
허하은,79760,세종특별자치시 영등포구 도산대189로 384-44 (정희차리),지훈김타운 C동 162호,010-8672-3135,jongsu33@example.com
김서윤,45672,경상남도 고양시 일산서구 서초중앙65거리 41,승민고이아파트 673호,019-086-2944,ggim@example.com
이영철,46793,전라북도 부천시 잠실가 801-40,성민김김빌라,053-758-9231,seongcaeweon@example.net
황서연,79091,제주특별자치도 충주시 영동대거리 420 (건우최읍),동현구빌라 744호,011-195-8887,hyun@example.com
장동현,07760,부산광역시 용산구 학동384가 415 (영진손박면),영순김빌라,041-605-8715,gimjongsu@example.org
김춘자,01350,대구광역시 노원구 도산대로 564,동현김김마을,064-719-8069,sanghyeon40@example.com
김미영,11787,세종특별자치시 종로구 서초대길 803-42,민준박아파트 I동 322호,033-384-9221,jeonghogim@example.com
심미영,83255,인천광역시 강동구 가락814거리 366-92 (현정김박읍),서영이최타운 894호,032-121-1337,minjae38@example.net
장영순,85345,경기도 성남시 중원구 석촌호수463길 410-39 (보람이허마을),윤서윤김마을,019-255-8054,cunja77@example.net
김동현,85513,강원도 용인시 역삼길 114 (종수윤면),예지권빌라,064-790-2954,gyeongja84@example.org
박지영,06979,대전광역시 마포구 오금가 639 (정순서동),미영이강타운 898호,010-8264-6167,coejihyeon@example.net
박순옥,13787,제주특별자치도 포천시 오금길 182-72 (지훈박동),현숙박권연립 217호,064-727-3499,li@example.org
박영일,08996,서울특별시 서대문구 압구정3가 973-63 (성민황김동),숙자김아파트 O동 072호,052-956-0742,yeongsuggu@example.net
윤현정,72743,강원도 성남시 중원구 서초중앙750가 594-67 (영숙최면),정순송빌라,019-297-2056,gimyeongsu@example.com
김현준,12937,전라남도 동해시 잠실길 970 (순옥강마을),정순김윤아파트 F동 483호,018-143-6426,gcoe@example.org
이숙자,47908,충청북도 음성군 삼성7로 429-60 (주원이김면),승현최빌라 다동 702호,064-730-7221,baegjongsu@example.org
문정호,53688,제주특별자치도 용인시 양재천가 지하233,은서이박타운 B동 759호,062-682-9382,misugi@example.org
박진우,79585,부산광역시 강남구 역삼거리 456-24 (서영고이면),성민최이타운 S동 941호,043-968-4970,oeungyeong@example.org
이서윤,96076,경상남도 태안군 영동대거리 지하251 (경희박면),정자류이연립 Z동 892호,011-689-5053,jimini@example.org
김경숙,31519,부산광역시 중랑구 역삼로 145-56,현우이빌라 783호,011-719-3194,yeongsui@example.org
하정순,07981,경상남도 영월군 오금거리 371,예은박박마을 바동 190호,033-717-4577,gwangsugim@example.com
김수민,16421,인천광역시 용산구 강남대길 264 (지후오이읍),민재김박아파트,02-1266-4742,jiyeong46@example.com
박현정,68443,경기도 공주시 반포대가 669-16,미경류타운 738호,063-027-0262,jeongjasong@example.com
나순자,54686,전라북도 가평군 강남대로 507-54 (영희이신면),상철지김타운 O동 141호,054-663-2987,idoyun@example.org
강명자,10222,울산광역시 강서구 반포대로 632 (예원김강마을),영환서타워,052-245-3117,najungsu@example.org
이미정,01578,서울특별시 성동구 서초중앙06로 190-22,숙자고한마을 061호,010-0066-3753,gyeongja60@example.org
손재현,91329,경상북도 청주시 서원구 삼성로 351 (영철이장읍),승민이타운 825호,052-853-7247,juweon77@example.net
윤민수,82390,충청북도 고양시 언주11길 252-3,지민서이빌라,052-490-3873,cunja22@example.com
송은영,83580,울산광역시 금천구 백제고분거리 100-74 (정식오우동),영호이백타운,053-854-9527,ygim@example.com
장성수,16291,부산광역시 강동구 언주길 74-33 (성훈김김리),숙자이양빌라,054-746-9938,yjin@example.net
김예진,38077,전라북도 성남시 중원구 학동거리 40-65 (영자박이동),준혁조타운,063-822-4171,seojun57@example.com
김상훈,86333,강원도 수원시 장안구 개포9거리 87 (서윤고윤면),정웅권마을 R동 336호,043-816-9688,coeyeji@example.net
서성현,92235,세종특별자치시 중랑구 양재천14가 446-44 (윤서백김동),민서이마을 788호,070-4542-3448,mijeongi@example.net
이서윤,45687,서울특별시 북구 봉은사길 342,윤서오윤연립,042-804-3181,gimjeonghyi@example.net
이경희,27323,제주특별자치도 평창군 양재천64가 520-70 (상호정허동),윤서김아파트,051-995-9285,kgim@example.com
이은주,91866,세종특별자치시 중랑구 백제고분길 52 (은정한리),지후오이마을 373호,043-546-3120,gyeongsu42@example.org
손경수,18474,경상북도 고양시 일산서구 오금로 935,지은안타워,041-837-1926,jia82@example.net
이은지,13555,세종특별자치시 구로구 서초대길 150-91,지우서이연립,054-613-5291,sunog24@example.net
김성진,12196,대구광역시 강서구 학동가 614 (상현이리),영호황이타운 273호,032-862-6554,baegeungyeong@example.org
류순옥,29989,충청북도 안양시 동안구 서초중앙거리 763-55,민수황김아파트,018-287-5931,sunjai@example.com
이정호,08192,광주광역시 동작구 봉은사거리 지하112 (영길이마을),지우최마을 S동 583호,02-2749-1992,sanghun07@example.com
김지현,00949,경상남도 삼척시 오금10거리 480-79 (상호김마을),서윤고아파트,054-934-3886,mijeonggim@example.com
윤지혜,93740,서울특별시 양천구 강남대길 지하904,옥순최아파트 다동 637호,031-715-0874,jiyeonjin@example.net
김정수,13047,전라남도 춘천시 개포로 770 (옥자김읍),숙자최빌라,062-929-7546,yeongho18@example.org
김영수,42008,제주특별자치도 철원군 테헤란5거리 288 (재현이손동),선영김최타워 641호,062-776-6229,yeongsugim@example.net
최경자,24790,대구광역시 도봉구 강남대로 957-54 (지은권면),서연최김타운 Y동 783호,043-749-2488,yeonghwanyang@example.net
임성호,38985,충청남도 이천시 오금67가 482-78,상호서고타워 R동 332호,064-732-9531,qgim@example.com
장성현,49196,강원도 홍천군 봉은사길 165-22 (영순양박동),중수손이타워 313호,011-970-3242,vmun@example.net
박은경,86954,제주특별자치도 인제군 반포대가 594-51 (진호장마을),민지김마을,016-952-5539,gimjihu@example.net
박진호,64889,경기도 용인시 기흥구 봉은사가 983-60,민수양김빌라 13동 427호,011-409-3240,eunjigim@example.net
김경숙,66520,경기도 서천군 석촌호수76로 107-48 (춘자김홍면),지은윤마을 Y동 522호,042-960-2146,gimseungmin@example.net
김지은,55794,부산광역시 강동구 선릉로 313,현정한최연립 J동 076호,042-225-9636,hyeonju60@example.net
김영진,28593,전라북도 금산군 서초대가 712,예원이빌라 626호,053-439-5471,hyeonjun61@example.org
곽재현,37870,충청북도 부천시 원미구 삼성47가 741,춘자김타워,055-676-4020,junseo52@example.net
양서준,22301,세종특별자치시 관악구 언주거리 지하765 (은지박김리),영자김빌라 Z동 585호,051-409-8439,yeongsun98@example.net
장정수,21239,세종특별자치시 구로구 언주길 235-32 (지현이읍),시우김마을 X동 463호,02-9022-5584,jiu15@example.net
손아름,74634,전라북도 고양시 덕양구 백제고분로 240,영희정유타운 C동 251호,016-519-7514,ijiyeon@example.com
최수민,14027,전라남도 서천군 백제고분로 158-92 (지현장김읍),정웅조타운,033-129-2295,jihun78@example.net
이영일,60488,울산광역시 강북구 봉은사193길 796-19,예지김장타운,070-1096-3543,mijeong65@example.net
이정순,43499,충청북도 아산시 석촌호수5가 지하464,준혁노김빌라 778호,054-766-4687,ygweon@example.org
신영철,31517,대전광역시 송파구 서초중앙가 610-58,미숙우이연립 다동 841호,063-456-8034,yeweon68@example.org
황지현,53195,대구광역시 구로구 개포가 394-96,옥순최타워,042-747-5800,hyeonjii@example.org
이주원,58120,광주광역시 양천구 선릉거리 144,서영백양연립,041-922-1003,lyun@example.org
김영희,20951,충청남도 횡성군 개포거리 950-62 (선영이배동),예원권이연립,061-682-7443,jiyeonhwang@example.com
김채원,24187,대전광역시 동구 개포로 209 (은영박동),옥순김마을 I동 394호,063-707-4329,ujinbag@example.com
박영희,00092,광주광역시 영등포구 가락로 167,정수이박타워 797호,02-8175-0364,hyeonju75@example.org
허상훈,79626,대구광역시 서구 양재천232가 지하684,도현남타운 Q동 920호,016-801-3875,hyejin47@example.com
이동현,84043,대전광역시 북구 서초대로 지하394,민석박문빌라,052-502-4052,hyeonjii@example.com
류지은,31382,대구광역시 금천구 압구정5거리 415-16 (유진이최읍),민수최아파트 나동 904호,070-3611-3787,eungyeonggim@example.com
이주원,54583,세종특별자치시 금천구 오금833로 276 (지원김동),서영김타운 95동 542호,062-396-8287,jaeho41@example.org
오명숙,93566,전라북도 증평군 언주2길 지하466 (지원김김동),성민이이마을 092호,042-787-6331,junhobaeg@example.net
김서윤,66856,강원도 서산시 역삼327거리 58 (현정김최동),윤서박빌라 다동 334호,043-836-7055,iyeonghwan@example.com
이경수,36349,충청북도 성남시 중원구 서초대5로 3 (재호홍면),영철박타워,063-864-5287,gwangsui@example.com
김보람,12067,제주특별자치도 고양시 덕양구 영동대거리 136 (상현김문리),영희한오타워 666호,061-614-8963,miyeonggang@example.org
김서영,45108,전라남도 하남시 도산대길 47 (수민장김동),은지서빌라 V동 143호,070-1111-2834,jihyegim@example.com
김경수,93783,전라남도 가평군 오금1거리 298-99 (우진이김면),경자김연립 271동 677호,054-787-8370,yeongho81@example.net
전중수,17475,충청남도 청주시 흥덕구 압구정로 450,지민김강연립,044-597-5550,anujin@example.org
김현숙,21928,세종특별자치시 관악구 역삼거리 946 (중수홍리),예진이박빌라 441호,033-078-9991,gimogsun@example.net
최수민,77196,세종특별자치시 동대문구 선릉738길 752-43,상현남연립 05동 931호,052-454-4008,jihu50@example.com
심영순,23596,서울특별시 관악구 반포대0길 257-74,병철주박연립 715호,042-273-8359,jongsu64@example.net
김도윤,57262,광주광역시 강남구 양재천879거리 848 (영순류문읍),예진전연립 368호,017-544-3057,jihyeongim@example.net
박현지,56832,광주광역시 강남구 서초중앙9로 219,상철김마을 W동 160호,02-5884-9036,jeonghyi65@example.com
배혜진,33625,광주광역시 관악구 도산대976길 159-77 (상훈한면),지영문연립 X동 644호,070-1038-0565,yeongsu90@example.org
박진우,97890,경상남도 용인시 기흥구 서초중앙47가 지하203 (승현이동),지원김안마을 583호,064-715-1553,pi@example.net
박상호,03775,강원도 용인시 수지구 논현943거리 990,은경주이연립 라동 328호,017-365-8511,seonghun10@example.org
서광수,61375,대전광역시 금천구 삼성099가 지하875 (도현배지동),주원최마을 181호,033-530-8598,iyejin@example.net
최지후,75898,강원도 보령시 서초대가 736,지후민이아파트 G동 324호,063-418-9856,gsong@example.net
허지후,41209,제주특별자치도 청양군 봉은사453가 322-43 (영수이백읍),아름김오빌라,054-940-4222,ci@example.com
나성현,41610,충청남도 태백시 선릉거리 지하686 (영미강동),예진신빌라 950호,054-029-6975,donghyeonbag@example.com
이영숙,36359,울산광역시 강남구 백제고분723거리 654 (지훈최마을),순자김타워 371호,052-802-4483,yunseogim@example.com
손영숙,68100,충청남도 음성군 강남대64거리 74-86,수민이권빌라 E동 618호,044-503-6720,gyeongsugi@example.net
김영진,52520,경상남도 당진시 논현가 622-69,영길이타운 O동 338호,032-379-8707,jeonghyi97@example.net
이민재,58266,세종특별자치시 동대문구 강남대25가 662 (순옥백동),경희이마을 다동 583호,042-759-8520,jieunbag@example.org
최지훈,96556,세종특별자치시 송파구 삼성841길 582-6 (성진최장읍),지혜장양아파트,053-859-2523,ojeongsu@example.org
손지혜,32074,강원도 고양시 일산서구 양재천715로 906,지원류최빌라 278호,033-219-4158,gangyeongho@example.net
박재호,69238,인천광역시 송파구 오금382거리 239,상호김타워 06동 768호,017-101-7952,sugjai@example.com
김은서,57998,전라북도 금산군 삼성로 231 (정순김동),정순송김마을 K동 335호,051-171-2161,jeongho49@example.com
장현숙,10982,대구광역시 용산구 개포가 409,영미김김타운 나동 155호,044-849-2150,oyang@example.net
고지혜,44469,충청북도 의정부시 개포279로 517-57 (도윤김면),은경문타운 446호,032-580-3302,migyeong54@example.org
진미영,55474,경기도 이천시 역삼88가 163-67,지훈김빌라,032-500-9790,yeongsui@example.org
양미정,63484,충청북도 연천군 영동대5로 809-24,준호고연립 653호,033-958-4090,yeongmi73@example.net
서중수,46973,제주특별자치도 계룡시 역삼거리 413,정수이빌라 S동 109호,051-950-0081,ieunji@example.com
최선영,88186,경상남도 고양시 서초중앙가 446-51 (미영이동),동현정연립 089호,017-463-5936,hwangujin@example.com
김하윤,99201,세종특별자치시 북구 삼성가 400,영숙백지아파트 107호,016-322-5804,myeongja05@example.org
이광수,92005,세종특별자치시 동작구 도산대로 837,지현김타운 B동 509호,019-996-4315,jihuncoe@example.com
박정훈,42327,전라북도 구리시 개포로 147,예원조배아파트 831호,031-585-9054,minsugim@example.net
한진호,52241,서울특별시 강동구 언주로 730-4,상현송박빌라 889호,064-788-7059,minseog17@example.org
배예진,89146,제주특별자치도 안양시 가락길 168-52 (성훈윤마을),경자하마을 671호,042-051-3180,gimsumin@example.org
이현준,02888,울산광역시 서초구 학동115가 283-46 (현정최김읍),유진이연립 991호,070-8868-0188,minseoi@example.net
윤정희,40585,경기도 고양시 일산동구 압구정65로 지하826 (영미유마을),영수김신빌라 B동 435호,043-793-9130,haeun16@example.net
이정순,06716,충청북도 춘천시 테헤란863거리 210-67 (유진박박동),서윤장아파트 M동 055호,031-573-4171,gweonseoyeon@example.net
배진호,46406,강원도 여주시 잠실로 231-47,도현김연립,043-641-9501,yeongmison@example.org
류정남,81583,울산광역시 동구 서초중앙가 지하596,민서김아파트 738호,032-714-9034,gohyeonu@example.org
김서현,66739,경기도 홍성군 석촌호수가 387,준서장송연립 H동 858호,055-710-0511,ggim@example.net
박현숙,01041,전라남도 횡성군 가락거리 699,현정박김연립,043-111-5484,hyeonjun90@example.com
최영길,23748,인천광역시 북구 서초대로 670 (현지배안동),민재차마을 016호,032-083-5961,jihui@example.com
김윤서,75221,울산광역시 구로구 서초중앙로 154 (은경김양리),예진박이아파트,018-800-2543,minjun07@example.net
홍정훈,11049,제주특별자치도 춘천시 삼성8길 806 (아름이읍),경희윤이빌라,018-037-3843,gimyeongil@example.org
김도현,81828,전라북도 의정부시 반포대로 689-54,서준송아파트 T동 320호,02-0878-0518,yunseogim@example.com
김영희,37457,경상북도 여주시 석촌호수3길 858,선영서빌라 N동 711호,061-060-5998,siujo@example.com
윤주원,78950,대구광역시 서대문구 선릉849거리 945,순자최연립 572호,054-033-2127,tbag@example.com
고준영,63489,대전광역시 마포구 언주길 389-30 (현준오정동),명자김빌라,051-885-2733,ni@example.com
강민준,18927,광주광역시 도봉구 잠실길 341-54,성수장마을 Z동 973호,042-273-1951,qi@example.net
우지영,13653,경상북도 구리시 서초대길 868 (현주이마을),진호나타워,070-1397-3020,yangeunji@example.org
백지은,64440,울산광역시 구로구 양재천가 723,준혁박한아파트,032-423-8620,gimogsun@example.org
배현지,32459,세종특별자치시 영등포구 봉은사가 328-62 (정희윤마을),현지진타워 285호,070-4507-4951,rcoe@example.org
김현지,18353,인천광역시 노원구 잠실6가 780,예은김최연립 485호,064-779-7434,gyeongsuggim@example.net
서정숙,22531,인천광역시 강북구 언주98로 945-51,영환류김마을 G동 385호,061-908-0335,coesugja@example.org
김영순,76362,경기도 포천시 백제고분2가 644,영자박타워 455호,055-344-9236,yeongsugsong@example.net
박경수,83002,인천광역시 강북구 강남대로 63-16 (성현박배읍),현주김김연립 615호,063-850-2981,joseoyeon@example.org
권정순,83404,전라남도 의왕시 백제고분로 108-29 (경수김이면),명숙최타운 27동 889호,031-284-0597,coeyeongsun@example.net
김정자,11103,경기도 광명시 삼성75길 지하161 (정웅김오읍),명숙임윤타운,062-382-4781,yeongsug82@example.com
송보람,84016,인천광역시 마포구 반포대3로 107,유진한최타운 735호,016-705-5078,yunminseog@example.org
김진우,10339,광주광역시 중구 논현길 330-83,수민박강빌라 E동 309호,044-305-8220,seojun69@example.org
고영호,60634,경상북도 용인시 기흥구 반포대34길 525-67,지영김타워,02-5431-1989,junyeongcoe@example.com
윤지연,13257,전라북도 부천시 서초대6거리 지하84,건우차이연립 R동 148호,041-777-2794,hyeonjun37@example.net
주윤서,27625,서울특별시 강동구 양재천거리 226,민서손강타워 Y동 080호,02-3874-8394,juweongim@example.org
박경희,87786,경상북도 청주시 청원구 도산대61가 지하562 (미정김리),경자전타운 039호,055-361-5864,co@example.net
나경수,37672,인천광역시 노원구 오금410가 299-88,현지정아파트 975호,016-716-3637,hyeonjeonggim@example.com
김지민,44256,서울특별시 마포구 학동길 937 (주원김박면),미숙이타운 X동 461호,044-335-6544,cunjahan@example.com
이예원,26250,서울특별시 동작구 봉은사52로 812,미영서타워 967호,054-423-7890,minsui@example.com
박현숙,61748,충청북도 안산시 단원구 반포대9로 827-41 (영순박백읍),성진허백연립,052-970-9455,hayun47@example.org
허은서,92650,인천광역시 성동구 도산대095거리 546 (옥자박서마을),미숙한타워 476호,032-507-6069,areum14@example.net
최상훈,01823,울산광역시 중랑구 언주로 706 (서연전박리),수민김아파트,011-730-3617,gimseonghun@example.org
장채원,07907,전라남도 속초시 개포3거리 791 (명자이마을),성진홍타워 나동 311호,018-282-3862,ygim@example.org
이정자,29575,세종특별자치시 송파구 봉은사로 537,재현김빌라 H동 038호,044-108-9527,yeonggilgim@example.com
이숙자,74628,광주광역시 서구 언주거리 164-90,예진장타워 N동 962호,064-714-7428,eunjeong65@example.org
김진우,66907,서울특별시 성북구 개포318가 지하6 (순자황동),옥자김서타운 970호,017-160-1765,jihyean@example.org
박준서,78345,강원도 하남시 백제고분99로 573,영희김유연립,019-560-5563,ominjun@example.com
이경희,20965,충청남도 용인시 기흥구 개포8가 185 (도윤지동),현정박아파트 바동 434호,042-669-1944,ogja03@example.net
박영희,71699,전라남도 광명시 서초대길 757,상훈김타운 359호,018-683-0853,msong@example.org
임정수,29097,서울특별시 동작구 영동대03길 지하696,정식김마을 251호,043-633-2073,songjihyeon@example.com
엄정호,60850,경상북도 공주시 양재천로 622,중수권박아파트 720호,063-196-4477,yuneunju@example.org
김현우,99738,제주특별자치도 제천시 석촌호수길 786,현주민김마을 808호,054-409-6655,jaehyeon48@example.com
조건우,18818,광주광역시 서구 도산대98거리 311-90,상훈최박빌라 658호,062-251-5861,songyeongmi@example.net
이영수,75549,대구광역시 양천구 역삼9로 378,종수권이아파트,062-434-8388,xha@example.org
이상철,48686,부산광역시 광진구 서초중앙로 903,영희오연립,070-8291-2494,yeeun41@example.net
김은영,38478,전라북도 성남시 수정구 서초중앙080거리 430-21 (성호이박읍),진호구빌라 625호,041-159-1034,minseog62@example.net
김준영,16412,대구광역시 은평구 논현길 지하668 (영수강윤마을),성현류문타운,011-795-0657,baghyeonju@example.com
김경자,95910,충청북도 춘천시 반포대5거리 680-48 (경수이나면),현주강한아파트,018-587-2513,tgim@example.net
김성현,92392,서울특별시 마포구 오금11로 지하60,시우김빌라 422호,061-303-5083,eunyeonggim@example.org
이수민,34579,강원도 서산시 백제고분로 70-29 (현지최동),은경김홍아파트 F동 400호,063-121-3160,yeongsun31@example.net
박혜진,18389,인천광역시 노원구 도산대길 지하311,현주김유타워,043-790-6844,minjuni@example.net
남재호,66747,인천광역시 영등포구 오금704길 612 (미정이김면),상철김아파트 K동 998호,063-125-2351,fbag@example.net
김정훈,93294,대전광역시 은평구 오금가 97,건우이연립,011-827-4469,junhyeogsong@example.net
심현준,06126,충청북도 오산시 논현길 751 (진호박황리),춘자김타워,055-795-4183,gimjimin@example.org
최동현,92028,충청남도 삼척시 테헤란가 지하618,진우강박연립,062-698-4852,yeji05@example.com
김민석,41463,세종특별자치시 강서구 석촌호수거리 835 (아름신김마을),지훈김빌라 Z동 596호,033-233-7489,minsui@example.net
김재현,43881,충청북도 부천시 소사구 언주3로 32,예원최김연립 다동 067호,017-816-6373,ii@example.net
김정훈,54770,세종특별자치시 양천구 서초대796가 652 (재현이리),은서차빌라,032-376-3408,hajuweon@example.net
오지원,43005,부산광역시 금천구 잠실길 583 (수진장조마을),하은이최마을,042-029-7933,siu83@example.net
장현주,90245,전라북도 여주시 압구정가 632 (영철윤리),경희김타워,064-756-3406,can@example.net
김정순,52091,충청북도 천안시 동남구 삼성길 333 (은경차면),선영장빌라,053-197-6519,bagdoyun@example.org
박광수,76484,충청북도 시흥시 개포76로 73 (서현윤김동),영진이빌라 071호,043-438-4158,jihyeon76@example.com
김성훈,21942,서울특별시 마포구 테헤란4거리 25 (정희김마을),옥자김타워 383호,032-075-3190,bi@example.org
이정숙,12433,울산광역시 중랑구 가락가 지하261,수민이타워,053-493-5425,rgang@example.org
김은정,61694,울산광역시 관악구 역삼가 751 (영자김동),영자류마을 572동 725호,061-394-7051,sangceol21@example.net
김영숙,61314,인천광역시 서구 석촌호수1로 지하872 (은지김박면),순자김아파트 086호,011-520-4728,jungsugweon@example.net
주민수,93708,충청북도 오산시 가락23로 478,현지최정타워 N동 704호,051-158-9712,sugja05@example.net
이지아,58182,부산광역시 금천구 논현거리 673-30,준영송연립,010-3842-9197,cunjaryu@example.com
김동현,55205,대구광역시 강서구 서초대거리 278-39,영숙진빌라 616호,063-154-3782,juweoncoe@example.net
김민석,18303,경기도 용인시 수지구 백제고분501가 41 (동현김동),미영강이아파트 908호,02-3971-7041,eseo@example.net
조영진,64556,부산광역시 마포구 개포가 671-75 (영호심김면),승현권백빌라 C동 840호,051-868-9842,hyeonsug95@example.com
서광수,50464,광주광역시 중구 언주32길 831-49 (지아이동),현주김김연립,052-036-5754,goyeongja@example.net
박승민,28270,경상북도 안산시 상록구 학동거리 110,서연박박타운,017-783-0133,hyeonsug65@example.com
신예진,07938,경상북도 영월군 영동대거리 400-51,도현김김아파트 365호,043-108-7821,jeongsuim@example.com
김경수,95300,전라북도 오산시 언주165로 890,수진박이마을,016-001-4758,juweonbag@example.com
이건우,51852,충청북도 태안군 학동90로 278,정호최타워 N동 518호,033-446-1966,hyeonji48@example.net
안정희,00786,인천광역시 동작구 영동대길 866-58 (정순김이읍),상현최빌라 432호,019-601-7174,isangceol@example.com
권민서,64395,경상남도 고양시 일산동구 압구정거리 545,승민하타워 Y동 736호,018-024-7121,myeongjabag@example.org
서진우,51082,부산광역시 동작구 서초대가 206-82 (춘자심박마을),도윤백윤아파트 929호,062-721-5646,jeongyeongsug@example.com
최영환,34079,세종특별자치시 서구 서초중앙거리 671,옥자박빌라 659호,033-053-6444,sinsugja@example.net
김주원,94191,광주광역시 마포구 개포2로 601,하윤정타워,041-435-7768,nayeongho@example.com
한성수,19171,대구광역시 동대문구 학동4거리 893-55 (성호윤신동),민준양이연립,043-729-7690,sugja96@example.org
김서준,98944,광주광역시 강남구 선릉548길 771-11,순옥박아파트,041-259-2397,bagcunja@example.com
박승민,78819,경상남도 계룡시 양재천948가 220-36 (성민김장면),지우이타운 V동 900호,010-3237-2831,tan@example.net
김아름,29312,서울특별시 동구 반포대710길 301,도현김한마을 R동 275호,044-148-0011,siu14@example.org
김진호,93011,충청북도 삼척시 도산대92가 969,성진이빌라 다동 830호,042-685-9352,gimeunji@example.org
이은주,52133,울산광역시 성북구 역삼거리 461,선영한윤아파트 Q동 063호,016-826-7068,bheo@example.com
이건우,86007,전라북도 포천시 영동대02거리 615 (순자이이읍),민수김빌라,043-515-6298,ijia@example.org
홍민서,40558,대구광역시 구로구 서초중앙로 지하146 (은정이안동),준서이타운 736호,041-392-0703,pgim@example.com
곽정순,35999,부산광역시 중구 가락343로 347 (상훈이리),영환박빌라 가동 288호,018-357-9295,seongyeonghyi@example.net
이지은,75238,강원도 청주시 서원구 테헤란330길 576-82,영미김김연립,053-514-1435,yeongho45@example.org
김민수,65075,강원도 안양시 만안구 선릉657길 210-81 (도윤고동),수빈류김타워,017-638-2088,gojinu@example.org
민경희,35592,경상남도 청양군 서초대664로 334,경수김김아파트 E동 393호,064-762-0312,subin29@example.org
김영미,16595,경상남도 철원군 언주가 545-81,영수박김타워,011-620-9860,jiweonjeong@example.com
박현정,04460,충청남도 안양시 만안구 서초중앙31가 283-72,중수윤빌라 067호,054-902-1705,noeunjeong@example.org
송지혜,54745,경기도 부여군 서초대가 562-3,예은김이아파트 바동 193호,032-016-0664,ugu@example.org
엄동현,25971,강원도 아산시 강남대42가 930-31,하윤오연립,019-031-1327,yunsubin@example.com
김지훈,57319,강원도 제천시 압구정085가 178-15,옥순김빌라 나동 189호,042-908-4005,eungyeong61@example.net
이건우,42345,세종특별자치시 남구 논현가 185,민지장문마을 293호,042-329-0053,xbag@example.net
이미숙,19960,대구광역시 동대문구 석촌호수거리 673-88 (춘자이면),영자박아파트,070-3057-3823,doyun49@example.org
김성현,16310,광주광역시 구로구 봉은사가 659,혜진임윤타운 213호,055-020-9740,hyeonjeong86@example.org
이재현,84475,부산광역시 성북구 양재천9가 569-32,명숙김타워 바동 109호,041-275-7840,yeongmii@example.org
박수빈,87996,대구광역시 관악구 양재천111길 942,동현이빌라 L동 083호,063-992-6712,seohyeongim@example.net
문경숙,87799,인천광역시 서구 양재천거리 899-45,영호고빌라,070-7625-2640,gimareum@example.net
구지후,79151,부산광역시 동대문구 선릉906길 953-60,승현김타운,064-722-1407,jihyeongim@example.org
배성진,26304,광주광역시 남구 테헤란00로 93-98 (옥자윤마을),혜진김김마을 422호,070-9394-3163,seoyujin@example.net
박아름,52225,전라남도 부천시 오정구 논현402거리 875 (현우차리),미정정유타워 라동 621호,054-141-2062,yeongmigim@example.com
송도현,65784,울산광역시 종로구 개포가 334-4 (지훈김김동),성호이타운 Z동 923호,063-558-6706,pi@example.net
홍정식,00970,강원도 공주시 압구정길 253,준서김유아파트 394호,064-723-1446,heoeunju@example.net
주영자,14469,세종특별자치시 강북구 오금233길 268-75 (재호김김면),성진손이타워 C동 246호,062-383-6981,jungsugim@example.org
김준호,96445,울산광역시 성북구 강남대29가 209-81,영수장빌라 104호,033-502-6529,migyeonggim@example.com
이성민,32087,전라북도 부여군 서초중앙164길 916 (경희김마을),상훈이이타워,018-489-1782,jiminjang@example.net
김종수,53096,전라북도 시흥시 봉은사8가 301,민지황김연립 467호,016-453-6416,jeongsug23@example.org
이영식,53119,서울특별시 용산구 삼성가 251-99,영호이마을 P동 895호,064-793-0558,zi@example.org
장준호,76843,충청남도 부천시 오정구 봉은사42로 799 (영길이주마을),현숙최김빌라,053-975-9763,munyeonghwan@example.net
이은정,41577,울산광역시 동대문구 선릉로 141-87 (정희장김면),하은김타운,019-800-2883,misug16@example.com
서중수,93887,광주광역시 종로구 개포가 247-8 (성훈김김리),시우허김타워 135호,054-180-7819,juseongsu@example.com
최주원,15279,경상북도 용인시 기흥구 석촌호수2길 294,옥자심아파트 A동 575호,02-4883-4862,hgu@example.org
박성훈,30573,경기도 용인시 기흥구 학동2길 지하662,영자박김타운,053-651-0341,jiyeong30@example.org
심은서,16489,부산광역시 금천구 테헤란6길 941,승현민황타운 J동 381호,061-384-4742,jryu@example.org
이경수,37021,경상남도 수원시 팔달구 강남대가 247 (경수김이동),민석이빌라 O동 485호,070-9772-6201,yumiyeong@example.com
양옥자,10720,서울특별시 강동구 언주3로 771-32,정훈김박타운,043-247-9090,pgim@example.org
양지은,29385,전라남도 옥천군 삼성0가 152,지후강마을 E동 130호,053-237-8244,seonyeonggim@example.net
김예진,41497,경상북도 충주시 선릉로 710,영미김타운 121호,018-368-5437,gyeongsug05@example.net
손순자,00534,울산광역시 은평구 서초중앙373길 511-81,하은김마을,070-9087-9101,seonghoi@example.net
이수빈,74220,전라북도 음성군 언주로 429-7,상현이김빌라 367동 503호,062-780-2206,jongsugim@example.net
이지원,20127,제주특별자치도 안양시 만안구 선릉로 503,병철임아파트 282호,044-630-1566,zi@example.net
이명자,41738,경상남도 고양시 백제고분054로 882,성훈서마을 20동 606호,018-468-5779,sumin36@example.net
백중수,05369,인천광역시 관악구 서초중앙77거리 342-5 (진우윤마을),정호임마을 493호,061-663-3498,zgim@example.com
이영호,19258,경상북도 제천시 논현거리 704-27,영희이류연립 마동 175호,018-727-3268,iseo@example.com
최지아,54936,제주특별자치도 수원시 권선구 반포대길 7,성수이성마을 K동 854호,018-630-7584,eungyeonggang@example.org
고경희,33058,경기도 홍성군 오금거리 47 (주원한양읍),지원이김타워,017-022-0764,sunoggang@example.net
고재현,24544,충청남도 성남시 수정구 반포대38로 737,영자고마을 706호,043-068-3170,ihayun@example.com
강경숙,31625,경상남도 과천시 역삼가 71,재현허마을 011호,016-887-4211,wgweon@example.net
하준호,88314,대구광역시 동대문구 봉은사888로 지하404 (지혜황권동),종수김아파트 740호,053-136-4441,eunjeong60@example.net
장영길,58985,경기도 진천군 논현36길 605-12 (아름김면),지우백아파트,044-723-9821,misug80@example.net
이정순,93973,부산광역시 광진구 반포대로 831,영숙최강타운,051-277-1961,yejin08@example.com
이민재,15510,울산광역시 구로구 서초중앙길 772 (시우이김리),영철김연립 427호,064-734-8145,boram49@example.org
이예준,30020,인천광역시 동구 학동가 382,은주이한아파트,032-102-5138,yeongsuneom@example.org
조영환,55009,충청남도 고양시 가락가 676 (재호최마을),준호장고타운,064-742-7653,yeongilhan@example.org
박영희,75573,세종특별자치시 서대문구 역삼가 526-62 (중수권동),도윤강연립 T동 454호,044-886-7918,lgim@example.org
고아름,21391,경상남도 공주시 언주길 78-98,예은박아파트 469호,02-6135-7950,yeongil77@example.org
노지연,75512,대구광역시 강북구 잠실9길 617-21,현주송연립,032-802-7703,jihyebag@example.net
권도윤,46526,대구광역시 동대문구 선릉68로 536 (서현박최마을),지현허김연립 741호,061-672-9095,gimboram@example.net
박지연,64397,경상북도 공주시 가락593로 945 (수진한마을),상현허타운 U동 001호,052-128-4554,eunjeongsong@example.net
이현우,11842,세종특별자치시 동대문구 강남대5로 965-64 (보람김리),은지김타운,041-740-8888,seongjin23@example.com
곽영호,14634,대구광역시 동대문구 반포대로 397,지영권연립 721호,018-813-3161,jeongsugo@example.com
오순자,20188,대전광역시 중랑구 영동대2거리 605,영호김김연립,041-221-0696,hyeonjugim@example.org
장서연,20674,세종특별자치시 북구 양재천로 166 (성호구읍),명숙이타운 416호,032-568-9185,jinusong@example.org
이상철,34208,대구광역시 북구 서초중앙21가 232 (미영이읍),예지이연립,063-615-5690,jihueom@example.org
장도현,69032,경기도 천안시 서북구 반포대0로 186,예은이아파트,043-791-2319,seoyeonbag@example.net
이옥순,07108,경기도 용인시 수지구 언주거리 178 (미영박읍),정웅박빌라,070-5210-3070,ugweon@example.com
허현숙,54964,전라남도 부천시 원미구 석촌호수717거리 445-12 (하윤이박리),은정박마을,033-992-4192,rjang@example.com
최성호,44620,인천광역시 용산구 개포342가 295 (진호김이읍),준서고마을 392호,033-008-0081,wjang@example.org
이영진,16562,충청북도 인제군 삼성가 384,현주이마을,044-739-9415,jihyeon49@example.com
이서준,58184,서울특별시 양천구 선릉5길 774,민지김권마을 478호,053-108-7383,minsu98@example.com
김예원,44210,전라북도 삼척시 학동로 지하344 (준호이읍),민재박박연립,018-724-0846,zgim@example.com
김지영,46167,전라북도 보은군 영동대길 17-41 (혜진박면),정숙최김빌라 862호,064-755-2325,yeongjagim@example.org
